{"id": "3bad1bb2-570e-404d-8694-a4eb59ed5971", "type": "dataset", "attributes": {"name": "Ituna / Itata", "slug": "Ituna-Itata", "type": "tabular", "subtitle": null, "application": ["gfw"], "dataPath": null, "attributesPath": null, "connectorType": "rest", "provider": "cartodb", "userId": "57a0aa1071e394dd32ffe137", "connectorUrl": "https://wri-01.carto.com/tables/gfw_land_rights/public_map", "tableName": "gfw_land_rights", "status": "saved", "published": true, "overwrite": false, "verified": false, "blockchain": {}, "mainDateField": null, "env": "staging", "geoInfo": false, "protected": false, "legend": {"date": [], "region": [], "country": [], "nested": []}, "clonedHost": {}, "errorMessage": "", "taskId": null, "updatedAt": "2019-05-06T12:55:26.221Z", "dataLastUpdated": null, "widget": [], "widgetRelevantProps": [], "layerRelevantProps": [], "layer": [{"id": "f7f0cc9e-7641-4d6e-b3a3-117ae457676c", "type": "layer", "attributes": {"name": "Ituna / Itata", "slug": "Ituna-Itata", "dataset": "3bad1bb2-570e-404d-8694-a4eb59ed5971", "description": "", "application": ["gfw"], "iso": [], "provider": "cartodb", "userId": "57a0aa1071e394dd32ffe137", "default": false, "protected": false, "published": true, "env": "staging", "layerConfig": {"account": "wri-01", "body": {"layers": [{"options": {"cartocss": "#gfw_land_rights{  polygon-fill: #3BB2D0;  polygon-opacity: 0.7;  line-color: #3BB2D0;  line-width: 1;  line-opacity: 1;}", "cartocss_version": "2.3.0", "sql": "SELECT * FROM gfw_land_rights WHERE country = 'BRA' AND cartodb_id = 39472"}, "type": "cartodb"}], "maxzoom": 19, "minzoom": 2, "vectorLayers": [{"paint": {"fill-color": "transparent", "fill-opacity": 0}, "source-layer": "layer0", "type": "fill"}, {"paint": {"line-color": "#3BB2D0", "line-opacity": 1, "line-width": 3}, "source-layer": "layer0", "type": "line"}]}, "sql_config": []}, "legendConfig": {"type": "basic", "items": [{"name": "Land rights areas", "color": "#3BB2D0"}]}, "interactionConfig": {"output": [{"format": null, "type": "string", "property": "Name", "column": "name"}, {"format": null, "type": "string", "property": "Legal Recognition", "column": "legal_recognition"}, {"format": null, "type": "number", "property": "Area", "column": "area_ha"}, {"hidden": true, "type": "number", "property": "cartodb_id", "format": null, "column": "cartodb_id"}, {"hidden": true, "type": "json", "property": "the_geom", "format": "json", "column": "the_geom_webmercator"}], "type": "intersection"}, "applicationConfig": {"metadata": "gfw_land_rights", "menuPosition": 0, "global": true, "default": true, "analysisEndpoint": "use", "active": true}, "staticImageConfig": {}, "updatedAt": "2019-05-06T13:25:37.977Z"}}], "metadata": [{"id": "5cd02ebe7922da00120c0408", "type": "metadata", "attributes": {"dataset": "3bad1bb2-570e-404d-8694-a4eb59ed5971", "application": "gfw", "resource": {"id": "3bad1bb2-570e-404d-8694-a4eb59ed5971", "type": "dataset"}, "language": "en", "info": {"color": "#5E74FF", "name": "Ituna / Itata", "description": "Displays boundaries of areas over which indigenous peoples or local communities enjoy rights to the land and certain resources.", "citation": "select countries"}, "createdAt": "2019-05-06T12:55:26.687Z", "updatedAt": "2019-05-06T12:55:26.687Z", "status": "published"}}], "vocabulary": [{"id": "3bad1bb2-570e-404d-8694-a4eb59ed5971", "type": "vocabulary", "attributes": {"resource": {"id": "3bad1bb2-570e-404d-8694-a4eb59ed5971", "type": "dataset"}, "tags": ["sandbox"], "name": "categoryTab", "application": "gfw"}}]}}