{"id": "49d200dd-1fac-4326-a520-eea87e7a7401", "type": "dataset", "attributes": {"name": "Template Layer", "slug": "Template-Layer", "type": null, "subtitle": null, "application": ["gfw"], "dataPath": null, "attributesPath": null, "connectorType": "rest", "provider": "gee", "userId": "57a0aa1071e394dd32ffe137", "connectorUrl": null, "tableName": "projects/wri-datalab/HansenComposite_17", "status": "saved", "published": true, "overwrite": false, "verified": false, "blockchain": {}, "mainDateField": null, "env": "staging", "geoInfo": false, "protected": false, "legend": {"date": [], "region": [], "country": [], "nested": []}, "clonedHost": {}, "errorMessage": "", "taskId": null, "updatedAt": "2019-05-03T16:32:34.265Z", "dataLastUpdated": null, "widget": [], "layer": [], "widgetRelevantProps": [], "layerRelevantProps": [], "metadata": [{"id": "5ccc6d9734b5f20011eeffa2", "type": "metadata", "attributes": {"dataset": "49d200dd-1fac-4326-a520-eea87e7a7401", "application": "gfw", "resource": {"id": "49d200dd-1fac-4326-a520-eea87e7a7401", "type": "dataset"}, "language": "en", "info": {"citation": "Example citation", "color": "#fe6598", "description": "This is an example dataset.", "isLossLayer": true, "name": "Template Layer"}, "createdAt": "2019-05-03T16:34:31.242Z", "updatedAt": "2019-05-03T16:34:31.242Z", "status": "published"}}], "vocabulary": [{"id": "49d200dd-1fac-4326-a520-eea87e7a7401", "type": "vocabulary", "attributes": {"resource": {"id": "49d200dd-1fac-4326-a520-eea87e7a7401", "type": "dataset"}, "tags": ["forestChange", "treeCoverChange"], "name": "categoryTab", "application": "gfw"}}]}}