{"id": "c8f95aa8-62e1-4c6c-96ca-0f0e508d4160", "type": "dataset", "attributes": {"name": "Protected areas - El Impenetrable", "slug": "Protected-areas-El-Impenetrable", "type": "tabular", "subtitle": null, "application": ["gfw"], "dataPath": null, "attributesPath": null, "connectorType": "rest", "provider": "cartodb", "userId": "57a0aa1071e394dd32ffe137", "connectorUrl": "https://wri-01.carto.com/tables/wdpa_protected_areas/table", "tableName": "wdpa_protected_areas", "status": "saved", "published": false, "overwrite": false, "verified": false, "blockchain": {}, "mainDateField": null, "env": "staging", "geoInfo": false, "protected": false, "legend": {"date": [], "region": [], "country": [], "nested": []}, "clonedHost": {}, "errorMessage": "", "taskId": null, "updatedAt": "2019-05-03T16:43:37.134Z", "dataLastUpdated": null, "widget": [], "widgetRelevantProps": [], "layerRelevantProps": [], "layer": [{"id": "a074cb1b-81ab-4867-af8b-2f3a10f75eb8", "type": "layer", "attributes": {"name": "El Impenetrable", "slug": "Protected-areas-El-Impenetrable", "dataset": "c8f95aa8-62e1-4c6c-96ca-0f0e508d4160", "description": "", "application": ["gfw"], "iso": [], "provider": "cartodb", "userId": "57a0aa1071e394dd32ffe137", "default": false, "protected": false, "published": true, "env": "staging", "layerConfig": {"account": "wri-01", "body": {"layers": [{"options": {"cartocss": "#wdpa_protected_areas {   polygon-opacity: 0.7;  }#wdpa_protected_areas[iucn_cat='II'] {   polygon-fill: #0f3b82;}#wdpa_protected_areas[iucn_cat='III'] {   polygon-fill: #c9ddff;}#wdpa_protected_areas[iucn_cat='IV'] {   polygon-fill: #b9b2a1;}#wdpa_protected_areas[iucn_cat='Ia'] {   polygon-fill: #5ca2d1;}#wdpa_protected_areas[iucn_cat='Ib'] {   polygon-fill: #3e7bb6;}#wdpa_protected_areas[iucn_cat='Not Applicable'] {   polygon-fill: #eed54c;}#wdpa_protected_areas[iucn_cat='Not Assigned'] {   polygon-fill: #e7ab36;}#wdpa_protected_areas[iucn_cat='Not Reported'] {   polygon-fill: #fa894b;}#wdpa_protected_areas[iucn_cat='V'] {   polygon-fill: #ae847e;}#wdpa_protected_areas[iucn_cat='VI'] {   polygon-fill: #daa89b;}", "cartocss_version": "2.3.0", "sql": "SELECT * FROM wdpa_protected_areas WHERE wdpaid = 555577536"}, "type": "cartodb"}], "maxzoom": 19, "minzoom": 2, "vectorLayers": [{"paint": {"fill-color": "transparent"}, "source-layer": "layer0", "type": "fill"}, {"paint": {"line-color": "#4286f4", "line-opacity": 1, "line-width": 2}, "source-layer": "layer0", "type": "line"}]}}, "legendConfig": {"items": [{"color": "#4286f4", "name": "National Park boundary"}], "type": "basic"}, "interactionConfig": {"output": [{"type": "string", "suffix": "", "property": "Name", "prefix": "", "format": null, "column": "name"}, {"type": "string", "suffix": "", "property": "Sub-Location", "prefix": "", "format": null, "column": "sub_loc"}, {"type": "string", "suffix": "", "property": "WDPA ID", "prefix": "", "format": null, "column": "wdpaid"}, {"type": "string", "suffix": "", "property": "Status", "prefix": "", "format": null, "column": "status"}, {"type": "string", "suffix": "", "property": "Designation Type", "prefix": "", "format": null, "column": "desig_type"}, {"type": "string", "suffix": "", "property": "Ownership Type", "prefix": "", "format": null, "column": "own_type"}, {"type": "string", "suffix": "", "property": "Governance Type", "prefix": "", "format": null, "column": "gov_type"}, {"type": "string", "suffix": "", "property": "Management Authority", "prefix": "", "format": null, "column": "mang_auth"}, {"type": "number", "property": "cartodb_id", "hidden": true, "format": null, "column": "cartodb_id"}, {"type": "json", "property": "the_geom", "hidden": true, "format": "json", "column": "the_geom_webmercator"}]}, "applicationConfig": {"active": true, "analysisEndpoint": "wdpa", "default": false, "global": true, "metadata": ""}, "staticImageConfig": {}, "updatedAt": "2019-04-26T09:22:42.673Z"}}], "metadata": [{"id": "5cc2c1defe5ae100123cc535", "type": "metadata", "attributes": {"dataset": "c8f95aa8-62e1-4c6c-96ca-0f0e508d4160", "application": "gfw", "resource": {"id": "c8f95aa8-62e1-4c6c-96ca-0f0e508d4160", "type": "dataset"}, "language": "en", "info": {"citation": "", "color": "#A878F3", "description": "Displays areas that are legally protected according to various designations (e.g., national parks, state reserves, and wildlife reserves) and managed to achieve conservation objectives.", "name": "Luli - El Impenetrable"}, "createdAt": "2019-04-26T08:31:26.785Z", "updatedAt": "2019-04-26T09:19:16.086Z", "status": "published"}}], "vocabulary": [{"id": "c8f95aa8-62e1-4c6c-96ca-0f0e508d4160", "type": "vocabulary", "attributes": {"resource": {"id": "c8f95aa8-62e1-4c6c-96ca-0f0e508d4160", "type": "dataset"}, "tags": ["landUse", "conservation"], "name": "categoryTab", "application": "gfw"}}]}}