{"id": "da9b92dd-ccdc-44e1-9dfd-6e8268e36dd0", "type": "dataset", "attributes": {"name": "Oil and gas concessions", "slug": "Oil-and-gas-concessions", "type": null, "subtitle": null, "application": ["gfw"], "dataPath": null, "attributesPath": null, "connectorType": "rest", "provider": "cartodb", "userId": "59db4eace9c1380001d6e4c3", "connectorUrl": "https://wri-01.carto.com/tables/gfw_oil_and_gas", "tableName": "gfw_oil_and_gas", "status": "saved", "published": true, "overwrite": false, "verified": false, "blockchain": {}, "mainDateField": null, "env": "staging", "geoInfo": false, "protected": false, "legend": {"date": [], "region": [], "country": [], "nested": []}, "clonedHost": {}, "errorMessage": "", "taskId": null, "updatedAt": "2019-03-28T10:13:08.782Z", "dataLastUpdated": null, "widgetRelevantProps": [], "layerRelevantProps": [], "layer": [{"id": "2e2a9bf5-cce5-4337-b416-b3fb96c6c46f", "type": "layer", "attributes": {"name": "Oil and gas concessions", "slug": "Oil-and-gas-concessions_1", "dataset": "da9b92dd-ccdc-44e1-9dfd-6e8268e36dd0", "description": "", "application": ["gfw"], "iso": ["BRA", "PER", "ARG", "COL", "ECU"], "provider": "cartodb", "userId": "57a0aa1071e394dd32ffe137", "default": true, "protected": false, "published": true, "env": "production", "layerConfig": {"account": "wri-01", "body": {"layers": [{"options": {"cartocss": "#gfw_oil_and_gas{polygon-fill: #34495e;polygon-opacity: 0.7;line-color: #FFF;line-width: 0.5;line-opacity: 1;}", "cartocss_version": "2.3.0", "sql": "SELECT cartodb_id, the_geom_webmercator, type, name, country FROM gfw_oil_and_gas"}, "type": "cartodb"}], "maxzoom": 19, "minzoom": 2, "vectorLayers": [{"paint": {"fill-color": "#34495e", "fill-opacity": 0.7}, "source-layer": "layer0", "type": "fill"}, {"paint": {"line-color": "#FFF", "line-opacity": 1, "line-width": 0.5}, "source-layer": "layer0", "type": "line"}]}}, "legendConfig": {"items": [{"color": "#34495e", "name": "Oil and gas concessions"}], "type": "basic"}, "interactionConfig": {"output": [{"column": "name", "format": null, "property": "Name", "type": "string"}, {"column": "country", "format": null, "property": "Country", "type": "string"}, {"column": "cartodb_id", "format": null, "hidden": true, "property": "cartodb_id", "type": "number"}, {"column": "the_geom_webmercator", "format": "json", "hidden": true, "property": "the_geom", "type": "json"}], "type": "intersection"}, "applicationConfig": {"active": true, "analysisEndpoint": "use", "default": true, "global": true, "metadata": "gfw_oil_gas"}, "staticImageConfig": {}, "updatedAt": "2019-03-28T16:30:29.189Z"}}], "metadata": [{"id": "5c9ce4bb791b690012fff704", "type": "metadata", "attributes": {"dataset": "da9b92dd-ccdc-44e1-9dfd-6e8268e36dd0", "application": "gfw", "resource": {"id": "da9b92dd-ccdc-44e1-9dfd-6e8268e36dd0", "type": "dataset"}, "language": "en", "info": {"citation": "select countries", "color": "#12724C", "description": "Oil and gas concessions,\u201d refer to areas allocated by the government to companies who explore for and produce oil, natural gas and other hydrocarbons.", "name": "Oil and gas concessions"}, "createdAt": "2019-03-28T15:14:03.303Z", "updatedAt": "2019-03-28T15:14:03.303Z", "status": "published"}}], "vocabulary": [{"id": "da9b92dd-ccdc-44e1-9dfd-6e8268e36dd0", "type": "vocabulary", "attributes": {"resource": {"id": "da9b92dd-ccdc-44e1-9dfd-6e8268e36dd0", "type": "dataset"}, "tags": ["landUse", "concessions"], "name": "categoryTab", "application": "gfw"}}]}}