{"id": "01e90557-91f1-4da2-a810-a1bdd38e7824", "type": "dataset", "attributes": {"name": "Test Data A Thomas", "slug": "Test-Data-A-Thomas", "type": null, "subtitle": null, "application": ["gfw"], "dataPath": null, "attributesPath": null, "connectorType": "document", "provider": "json", "userId": "58750a56dfc643722bdd02ab", "connectorUrl": "https://gfw-files.s3.amazonaws.com/2018_update/results/20190425/iso/A-B-iso-part-0000.json", "tableName": "index_01e9055791f14da2a810a1bdd38e7824_1556553420669", "status": "saved", "published": true, "overwrite": true, "verified": false, "blockchain": {}, "mainDateField": null, "env": "production", "geoInfo": false, "protected": false, "legend": {"date": [], "region": [], "country": [], "nested": ["year_data"]}, "clonedHost": {}, "errorMessage": "", "taskId": "/v1/doc-importer/task/d6955a2a-d402-49b8-8f12-25a707ad6c8d", "updatedAt": "2019-04-29T19:23:44.046Z", "dataLastUpdated": null, "metadata": [], "widget": [], "layer": [], "vocabulary": [], "widgetRelevantProps": [], "layerRelevantProps": []}}