{"id": "098b33df-6871-4e53-a5ff-b56a7d989f9a", "type": "dataset", "attributes": {"name": "Subnational Political Boundaries", "slug": "Politcial-Boundaries-GADM-adminitrative-level-1-1490086842541", "type": "tabular", "subtitle": "GADM", "application": ["aqueduct", "gfw", "rw", "forest-atlas", "data4sdgs", "gfw-climate", "prep"], "dataPath": null, "attributesPath": null, "connectorType": "rest", "provider": "cartodb", "userId": "57a0aa1071e394dd32ffe137", "connectorUrl": "https://wri-01.carto.com/tables/gadm28_adm1/public", "tableName": "gadm28_adm1", "status": "saved", "published": true, "overwrite": false, "verified": false, "blockchain": {}, "subscribable": {}, "mainDateField": null, "env": "production", "geoInfo": true, "protected": true, "legend": {"date": [], "region": [], "country": [], "nested": []}, "clonedHost": {}, "errorMessage": null, "taskId": null, "updatedAt": "2018-11-21T13:54:56.285Z", "dataLastUpdated": null, "widgetRelevantProps": ["iso", "name_1", "type_1", "shape_area", "area_ha"], "layerRelevantProps": ["the_geom", "the_geom_webmercator"], "layer": [{"id": "e1dc5626-c1c2-4d60-a6a9-746a33fe1cb7", "type": "layer", "attributes": {"name": "Political Boundaries (First Subnational Level)", "slug": "political-boundaries-gadm", "dataset": "098b33df-6871-4e53-a5ff-b56a7d989f9a", "description": "First-level subnational political boundaries are the largest administrative subdivisions in a country.", "application": ["rw"], "iso": ["global"], "provider": "cartodb", "userId": "58333dcfd9f39b189ca44c75", "default": true, "protected": false, "published": true, "env": "production", "layerConfig": {"body": {"layers": [{"options": {"cartocss_version": "2.3.0", "cartocss": "#gadm28_adm1{  polygon-fill: #3bb2d0;  polygon-opacity: 0;  line-color: #5CA2D1;  line-width: 0.5;  line-opacity: 1;}", "sql": "SELECT * FROM gadm28_adm1"}, "type": "cartodb"}], "minzoom": 3, "maxzoom": 18}, "account": "wri-01"}, "legendConfig": {"type": "basic", "items": [{"name": "Subnational Political Boundaries", "color": "#5CA2D1"}]}, "interactionConfig": {"output": [{"column": "name_1", "format": null, "prefix": "", "property": "Name", "suffix": "", "type": "string"}, {"column": "type_1", "format": null, "prefix": "", "property": "Type", "suffix": "", "type": "string"}]}, "applicationConfig": {}, "staticImageConfig": {}, "updatedAt": "2018-04-06T14:15:37.360Z"}}, {"id": "f090245b-1b8f-414d-a3ac-6498db3b354b", "type": "layer", "attributes": {"name": "Political Boundaries (Second Subnational Level)", "slug": "Political-Boundaries-Second-Subnational-Level", "dataset": "098b33df-6871-4e53-a5ff-b56a7d989f9a", "description": "Second-level subnational political boundaries are the second-largest administrative subdivisions in a country.", "application": ["rw"], "iso": [], "provider": "cartodb", "userId": "58f63c81bd32c60206ed6b12", "default": false, "protected": false, "published": true, "env": "production", "layerConfig": {"account": "wri-01", "body": {"maxzoom": 18, "minzoom": 3, "layers": [{"type": "cartodb", "options": {"sql": "SELECT * FROM gadm28_adm2", "cartocss": "#gadm28_adm2{polygon-fill: #5CA2D1; polygon-opacity: 0; line-color: #969696; line-width: 0.5; line-opacity: 0.5; }", "cartocss_version": "2.3.0"}}]}}, "legendConfig": {"items": [{"color": "#969696", "name": "Administrative boundaries"}], "type": "basic"}, "interactionConfig": {"output": [{"column": "name_2", "format": null, "prefix": "", "property": "Name", "suffix": ""}, {"column": "type_2", "format": null, "prefix": "", "property": "Type", "suffix": ""}]}, "applicationConfig": {}, "staticImageConfig": {}, "updatedAt": "2018-04-10T17:31:25.859Z"}}, {"id": "6ca0cb14-8329-44f5-9064-13f65dcb8d32", "type": "layer", "attributes": {"name": "Political Boundaries (First Subnational Level)", "slug": "Political-Boundaries-First-Subnational-Level", "dataset": "098b33df-6871-4e53-a5ff-b56a7d989f9a", "description": "First-level subnational political boundaries are the largest administrative subdivisions in a country.", "application": ["prep"], "iso": [], "provider": "cartodb", "userId": "594a8b5b3b0f7f271d303321", "default": true, "protected": false, "published": true, "env": "production", "layerConfig": {"account": "wri-01", "body": {"maxzoom": 18, "minzoom": 3, "layers": [{"type": "cartodb", "options": {"sql": "SELECT * FROM gadm28_adm1", "cartocss": "#gadm28_adm1{  polygon-fill: #3bb2d0;  polygon-opacity: 0;  line-color: #5CA2D1;  line-width: 0.5;  line-opacity: 1;}", "cartocss_version": "2.3.0"}}]}}, "legendConfig": {"items": [{"color": "#5CA2D1", "name": "Subnational Political Boundaries"}], "type": "basic"}, "interactionConfig": {"output": [{"format": null, "type": "text", "property": "Name", "column": "name_1"}, {"format": null, "type": "text", "property": "Type", "column": "type_1"}]}, "applicationConfig": {}, "staticImageConfig": {}, "updatedAt": "2018-12-28T21:09:54.465Z"}}, {"id": "c5e487ef-45c8-4864-99be-503c8f06de16", "type": "layer", "attributes": {"name": "Political Boundaries (Second Subnational Level)", "slug": "Political-Boundaries-Second-Subnational-Level_1", "dataset": "098b33df-6871-4e53-a5ff-b56a7d989f9a", "description": "Second-level subnational political boundaries are the second-largest administrative subdivisions in a country.", "application": ["prep"], "iso": [], "provider": "cartodb", "userId": "594a8b5b3b0f7f271d303321", "default": false, "protected": false, "published": true, "env": "production", "layerConfig": {"body": {"layers": [{"options": {"cartocss_version": "2.3.0", "cartocss": "#gadm28_adm2{polygon-fill: #969696; polygon-opacity: 0; line-color: #969696; line-width: 0.5; line-opacity: 0.5; }", "sql": "SELECT * FROM gadm28_adm2"}, "type": "cartodb"}], "minzoom": 3, "maxzoom": 18}, "account": "wri-01"}, "legendConfig": {"type": "basic", "items": [{"name": "Administrative boundaries", "color": "#969696"}]}, "interactionConfig": {"output": [{"format": null, "type": "text", "property": "Name", "column": "name_2"}, {"format": null, "type": "text", "property": "Type", "column": "type_2"}]}, "applicationConfig": {}, "staticImageConfig": {}, "updatedAt": "2018-12-28T21:10:34.439Z"}}], "metadata": [{"id": "59643d740d9ed1000bc29a93", "type": "metadata", "attributes": {"dataset": "098b33df-6871-4e53-a5ff-b56a7d989f9a", "application": "rw", "resource": {"id": "098b33df-6871-4e53-a5ff-b56a7d989f9a", "type": "dataset"}, "language": "en", "name": "Subnational Political Boundaries", "description": "The Database of Global Administrative Areas (GADM) is a spatial database of the location of the world's administrative areas (or administrative boundaries). Administrative areas in this database are countries and lower-level subdivisions such as provinces, departments, bibhag, Bundesl\u00e4nder, daerah istimewa, fivondronana, krong, landsv\u00e6\u00f0un, op\u0161tina, sous-pr\u00e9fectures, counties, and thana.   \n  \nGADM describes where these administrative areas are (the \"spatial features\"), and for each area it provides some attributes, such as the name and variant names. This data set does not include disputed areas. Resource Watch shows only a subset of the data set. For access to the full data set and additional information, see the Learn More link.", "source": "GADM", "info": {"rwId": "soc.064", "data_type": "Vector", "name": "Subnational Political Boundaries", "sources": [{"source-name": "Database of Global Administrative Areas (GADM)", "id": 0, "source-description": ""}], "technical_title": "GADM Database of Global Administrative Areas v. 2.8", "functions": "Administrative boundaries", "cautions": "The data do not imply any opinion on the part of World Resources Institute concerning the legal status or delineation of any country or territory, nor do they imply endorsement of the represented country areas or boundaries. Known problems reported by users vary by countries, and can be found at http://www.gadm.org/problems.", "citation": "University of Berkeley, Museum of Vertebrate Zoology, International Rice Research Institute, and University of California - Davis. 2012. \"Global Administrative Areas (Boundaries).\" Accessed through Resource Watch, (date). [www.resourcewatch.org](www.resourcewatch.org).", "license": "Restrictions apply", "license_link": "http://www.gadm.org/", "geographic_coverage": "Global", "spatial_resolution": "Subnational", "date_of_content": "Varies by country", "frequency_of_updates": "Varies", "learn_more_link": "https://gadm.org/about.html", "data_download_link": "https://wri-public-data.s3.amazonaws.com/resourcewatch/soc_066_population_below_poverty_line_edit.csv.gz", "data_download_original_link": "https://gadm.org"}, "columns": {"iso": {"alias": "ISO Code"}, "name_0": {"alias": ""}, "area_ha": {"alias": "Area (ha)", "description": "Area in hectares"}, "name_1": {"alias": "Name"}, "type_1": {"alias": "Type"}, "shape_area": {"alias": "Shape Area"}}, "createdAt": "2017-07-11T02:52:36.342Z", "updatedAt": "2019-06-20T13:08:05.668Z", "status": "published"}}, {"id": "5b1adafa7e3cba0010745464", "type": "metadata", "attributes": {"dataset": "098b33df-6871-4e53-a5ff-b56a7d989f9a", "application": "prep", "resource": {"id": "098b33df-6871-4e53-a5ff-b56a7d989f9a", "type": "dataset"}, "language": "en", "name": "Subnational Political Boundaries", "description": "The Database of Global Administrative Areas (GADM) is a spatial database of the location of the world's administrative areas (or adminstrative boundaries). Administrative areas in this database are countries and lower-level subdivisions such as provinces, departments, bibhag, Bundesl\u00e4nder, daerah istimewa, fivondronana, krong, landsv\u00e6\u00f0un, op\u0161tina, sous-pr\u00e9fectures, counties, and thana. GADM describes where these administrative areas are (the \"spatial features\"), and for each area it provides some attributes, such as the name and variant names. This data set does not include disputed areas. \n\nPREPdata shows only a subset of this data set. For access to the full data set and additional information, see the Download from Original Source link.", "source": "GADM", "citation": "University of Berkeley, Museum of Vertebrate Zoology, International Rice Research Institute, and University of California - Davis. 2012. \"Global Administrative Areas (Boundaries).\" Accessed through PREPdata, [date]. www.prepdata.org.", "info": {"wri_rw_id": "prep_0124", "technical_title": "GADM Database of Global Administrative Areas v. 2.8", "spatial_resolution": "", "published_date": "2012", "organization-long": "Database of Global Administrative Areas (GADM)", "nexgddp": {"indicator_id": ""}, "loca": {"indicator_id": ""}, "license_link": "http://www.gadm.org/", "license": "Restrictions apply", "learn_more_link": "http://www.gadm.org/version2", "language": "English", "geographic_coverage": "Global", "function": "Administrative boundaries", "endpoint": "", "date_of_content": "Varies by country", "data_type": "Vector"}, "columns": {"iso": {"alias": "ISO Code"}, "name_1": {"alias": "Name"}, "type_1": {"alias": "Type"}, "shape_area": {"alias": "Shape Area"}, "area_ha": {"alias": "Area (ha)", "description": "Area in hectares"}}, "createdAt": "2018-06-08T19:37:30.643Z", "updatedAt": "2019-05-09T19:24:26.035Z", "status": "published"}}, {"id": "5b574f9eb2368c001326310a", "type": "metadata", "attributes": {"dataset": "098b33df-6871-4e53-a5ff-b56a7d989f9a", "application": "forest-atlas", "resource": {"id": "098b33df-6871-4e53-a5ff-b56a7d989f9a", "type": "dataset"}, "language": "en", "name": "Subnational Political Boundaries", "description": "The Database of Global Administrative Areas (GADM) is a spatial database of the location of the world's administrative areas (or administrative boundaries). Administrative areas in this database are countries and lower-level subdivisions such as provinces, departments, bibhag, Bundesl\u00e4nder, daerah istimewa, fivondronana, krong, landsv\u00e6\u00f0un, op\u0161tina, sous-pr\u00e9fectures, counties, and thana. GADM describes where these administrative areas are (the \"spatial features\"), and for each area it provides some attributes, such as the name and variant names. This data set does not include disputed areas. Resource Watch shows only a subset of the data set. For access to the full data set and additional information, see the Learn More link.", "source": "GADM", "info": {"data_download_original_link": "https://gadm.org", "data_download_link": null, "learn_more_link": "https://gadm.org/about.html", "frequency_of_updates": "Varies", "date_of_content": "Varies by country", "spatial_resolution": "Subnational", "geographic_coverage": "Global", "license_link": "http://www.gadm.org/", "license": "Restrictions apply", "citation": "University of Berkeley, Museum of Vertebrate Zoology, International Rice Research Institute, and University of California - Davis. 2012. \"Global Administrative Areas (Boundaries).\" Accessed through Resource Watch, [date]. www.resourcewatch.org.", "cautions": "The data do not imply any opinion on the part of World Resources Institute concerning the legal status or delineation of any country or territory, nor do they imply endorsement of the represented country areas or boundaries. Known problems reported by users vary by countries, and can be found at http://www.gadm.org/problems.", "functions": "Administrative boundaries", "technical_title": "GADM Database of Global Administrative Areas v. 2.8", "sources": [{"source-description": "", "id": 0, "source-name": "Database of Global Administrative Areas (GADM)"}], "name": "Subnational Political Boundaries", "data_type": "Vector", "rwId": "soc.064"}, "columns": {"shape_area": {"alias": "Shape Area"}, "type_1": {"alias": "Type"}, "name_1": {"alias": "Name"}, "area_ha": {"description": "Area in hectares", "alias": "Area (ha)"}, "name_0": {"alias": ""}, "iso": {"alias": "ISO Code"}}, "createdAt": "2018-07-24T16:11:10.818Z", "updatedAt": "2018-07-24T16:11:10.818Z", "status": "published"}}], "vocabulary": [{"id": "098b33df-6871-4e53-a5ff-b56a7d989f9a", "type": "vocabulary", "attributes": {"resource": {"id": "098b33df-6871-4e53-a5ff-b56a7d989f9a", "type": "dataset"}, "tags": ["vector", "geospatial", "dataset", "territory", "global", "country", "land", "administrative_boundaries", "subnational", "historical", "SDG_11_Sustainable_Cities_and_Communities", "SDG_target_11.3"], "name": "knowledge_graph", "application": "rw"}}, {"id": "098b33df-6871-4e53-a5ff-b56a7d989f9a", "type": "vocabulary", "attributes": {"resource": {"id": "098b33df-6871-4e53-a5ff-b56a7d989f9a", "type": "dataset"}, "tags": ["global", "administrative_boundaries"], "name": "knowledge_graph", "application": "prep"}}], "widget": [{"id": null, "type": "widget", "attributes": {"id": "8154cc1d-b5d2-40fa-995d-6afc698ed43a", "type": "widget", "attributes": {"name": "10 Largest Political Boundary Areas (ha)", "dataset": "098b33df-6871-4e53-a5ff-b56a7d989f9a", "slug": "10-Largest-Political-Boundary-Areas", "userId": "59db4eace9c1380001d6e4c3", "description": "", "source": "", "authors": "", "application": ["rw", "forest-atlas"], "verified": false, "default": false, "protected": false, "defaultEditableWidget": false, "published": false, "freeze": false, "env": "production", "queryUrl": "", "widgetConfig": {"paramsConfig": {"visualizationType": "chart", "limit": 15, "value": {"tableName": "gadm28_adm1", "datasetID": "098b33df-6871-4e53-a5ff-b56a7d989f9a", "type": "number", "name": "area_ha", "alias": "Area (ha)"}, "category": {"tableName": "gadm28_adm1", "datasetID": "098b33df-6871-4e53-a5ff-b56a7d989f9a", "type": "string", "name": "name_1", "alias": "Name"}, "color": null, "size": null, "orderBy": {"orderType": "desc", "type": "number", "name": "area_ha", "alias": "Area (ha)"}, "aggregateFunction": null, "chartType": "bar", "filters": [{"value": ["County"], "tableName": "gadm28_adm1", "datasetID": "098b33df-6871-4e53-a5ff-b56a7d989f9a", "type": "string", "name": "type_1", "alias": "Type"}], "areaIntersection": null, "band": null, "layer": null}, "data": [{"name": "table", "transform": [{"type": "identifier", "as": "id"}, {"type": "joinaggregate", "as": ["count"]}], "url": "https://api.resourcewatch.org/v1/query/098b33df-6871-4e53-a5ff-b56a7d989f9a?sql=SELECT name_1 as x, area_ha as y FROM gadm28_adm1 WHERE type_1 IN ('County')  ORDER BY area_ha desc LIMIT 15", "format": {"type": "json", "property": "data"}}], "scales": [{"name": "x", "type": "band", "range": "width", "padding": 0.05, "domain": {"data": "table", "field": "id"}}, {"name": "y", "type": "linear", "range": "height", "nice": true, "zero": true, "domain": {"data": "table", "field": "y"}}], "axes": [{"orient": "bottom", "scale": "x", "labelOverlap": "parity", "ticks": false, "encode": {"labels": {"update": {"text": {"signal": "width < 300 || data('table')[0].count > 10 ? truncate(data('table')[datum.value - 1].x, 12) : data('table')[datum.value - 1].x"}, "align": {"signal": "width < 300 || data('table')[0].count > 10 ? 'right' : 'center'"}, "baseline": {"signal": "width < 300 || data('table')[0].count > 10 ? 'middle' : 'top'"}, "angle": {"signal": "width < 300 || data('table')[0].count > 10 ? -90 :0 "}}}}}, {"orient": "left", "scale": "y", "labelOverlap": "parity", "format": "s", "encode": {"labels": {"update": {"align": {"value": "right"}, "baseline": {"value": "bottom"}}}}}], "marks": [{"type": "rect", "from": {"data": "table"}, "encode": {"update": {"opacity": {"value": 1}, "x": {"scale": "x", "field": "id"}, "width": {"scale": "x", "band": 1}, "y": {"scale": "y", "field": "y"}, "y2": {"scale": "y", "value": 0}}, "hover": {"opacity": {"value": 0.8}}}}], "interaction_config": [{"name": "tooltip", "config": {"fields": [{"column": "y", "property": "Area (ha)", "type": "number", "format": ".2s"}, {"column": "x", "property": "Name", "type": "string", "format": ".2f"}]}}], "config": {"range": {"dotSize": [20, 250], "category": ["#907A59", "#6AAC9F", "#D5C0A1", "#5C7D86", "#F9AF38", "#F05B3F", "#89AD24", "#CE4861", "#F5808F", "#86C48F", "#F28627", "#B23912", "#BAD6AF", "#C9C857", "#665436"], "category20": ["#907A59", "#6AAC9F", "#D5C0A1", "#5C7D86", "#F9AF38", "#F05B3F", "#89AD24", "#CE4861", "#F5808F", "#86C48F", "#F28627", "#B23912", "#BAD6AF", "#C9C857", "#665436"], "ordinal": {"scheme": "greens"}, "ramp": {"scheme": "purples"}}, "axis": {"labelFontSize": 13, "labelFont": "Lato", "labelColor": "#717171", "labelPadding": 10, "ticks": true, "tickSize": 8, "tickColor": "#A9ABAD", "tickOpacity": 0.5, "tickExtra": false}, "axisX": {"bandPosition": 0.5, "domainWidth": 1.2, "domainColor": "#A9ABAD", "labelAlign": "center", "labelBaseline": "top"}, "axisY": {"domain": false, "labelAlign": "left", "labelBaseline": "bottom", "tickOpacity": 0.5, "grid": true, "ticks": false, "gridColor": "#A9ABAD", "gridOpacity": 0.5}, "mark": {"fill": "#907A59"}, "symbol": {"fill": "#907A59", "stroke": "#fff"}, "rect": {"cornerRadius": 3, "fill": "#907A59"}, "line": {"interpolate": "linear", "stroke": "#907A59", "fillOpacity": 0}, "name": "pine"}}, "template": false, "createdAt": "2017-10-11T11:47:04.631Z", "updatedAt": "2017-10-11T11:47:04.631Z"}}}, {"id": null, "type": "widget", "attributes": {"id": "6af8c1b5-f9d8-431f-a00e-1f6c53314fa7", "type": "widget", "attributes": {"name": "some title", "dataset": "098b33df-6871-4e53-a5ff-b56a7d989f9a", "slug": "some-title", "userId": "5a8c1198ca1142000151fc51", "application": ["rw"], "verified": false, "default": false, "protected": false, "defaultEditableWidget": false, "published": false, "freeze": false, "env": "production", "widgetConfig": {"interaction_config": [{"config": {"fields": [{"format": ".2s", "type": "number", "property": "Name", "column": "y"}, {"format": ".2f", "type": "string", "property": "ISO Code", "column": "x"}]}, "name": "tooltip"}], "marks": [{"encode": {"hover": {"opacity": {"value": 0.8}}, "update": {"y2": {"value": 0, "scale": "y"}, "y": {"field": "y", "scale": "y"}, "width": {"band": 1, "scale": "x"}, "x": {"field": "id", "scale": "x"}, "opacity": {"value": 1}}}, "from": {"data": "table"}, "type": "rect"}], "axes": [{"encode": {"labels": {"update": {"angle": {"signal": "width < 300 || extent[1] > 10 ? -90 :0 "}, "baseline": {"signal": "width < 300 || extent[1] > 10 ? 'middle' : 'top'"}, "align": {"signal": "width < 300 || extent[1] > 10 ? 'right' : 'center'"}, "text": {"signal": "data('table')[datum.value - 1].x"}}}}, "ticks": false, "labelOverlap": "parity", "scale": "x", "orient": "bottom"}, {"encode": {"labels": {"update": {"baseline": {"value": "bottom"}, "align": {"value": "right"}}}}, "format": "s", "labelOverlap": "parity", "scale": "y", "orient": "left"}], "scales": [{"domain": {"field": "id", "data": "table"}, "padding": 0.05, "range": "width", "type": "band", "name": "x"}, {"domain": {"field": "y", "data": "table"}, "zero": true, "nice": true, "range": "height", "type": "linear", "name": "y"}], "data": [{"format": {"property": "data", "type": "json"}, "url": "https://api.resourcewatch.org/v1/query/098b33df-6871-4e53-a5ff-b56a7d989f9a?sql=SELECT iso as x, name_1 as y FROM gadm28_adm1   ORDER BY name_1 desc LIMIT 50", "transform": [{"as": "id", "type": "identifier"}], "name": "table"}, {"transform": [{"signal": "extent", "field": "x", "type": "extent"}], "source": "table", "name": "stats"}], "paramsConfig": {"layer": null, "band": null, "areaIntersection": null, "filters": [{"tableName": "gadm28_adm1", "datasetID": "098b33df-6871-4e53-a5ff-b56a7d989f9a", "type": "string", "alias": "Type", "name": "type_1"}], "chartType": "bar", "aggregateFunction": null, "orderBy": null, "size": null, "color": null, "category": {"tableName": "gadm28_adm1", "datasetID": "098b33df-6871-4e53-a5ff-b56a7d989f9a", "type": "string", "alias": "ISO Code", "name": "iso"}, "value": {"tableName": "gadm28_adm1", "datasetID": "098b33df-6871-4e53-a5ff-b56a7d989f9a", "type": "string", "alias": "Name", "name": "name_1"}, "limit": 50, "visualizationType": "chart"}}, "template": false, "createdAt": "2018-05-31T13:41:03.684Z", "updatedAt": "2018-05-31T13:41:03.684Z"}}}, {"id": null, "type": "widget", "attributes": {"id": "6d1a7225-28a7-4a97-af24-26f33069500e", "type": "widget", "attributes": {"name": "some widget updated", "dataset": "098b33df-6871-4e53-a5ff-b56a7d989f9a", "slug": "some-widget", "userId": "5a8c1198ca1142000151fc51", "description": "im a description", "application": ["rw"], "verified": false, "default": false, "protected": false, "defaultEditableWidget": false, "published": false, "freeze": false, "env": "production", "widgetConfig": {"paramsConfig": {"visualizationType": "chart", "limit": 50, "value": {"tableName": "gadm28_adm1", "datasetID": "098b33df-6871-4e53-a5ff-b56a7d989f9a", "type": "string", "alias": "Name", "name": "name_1"}, "category": {"tableName": "gadm28_adm1", "datasetID": "098b33df-6871-4e53-a5ff-b56a7d989f9a", "type": "string", "alias": "ISO Code", "name": "iso"}, "color": null, "size": null, "orderBy": null, "aggregateFunction": null, "chartType": "bar", "filters": [{"tableName": "gadm28_adm1", "datasetID": "098b33df-6871-4e53-a5ff-b56a7d989f9a", "type": "number", "alias": "Shape Area", "name": "shape_area"}], "areaIntersection": null, "band": null, "layer": null}, "data": [{"name": "table", "transform": [{"type": "identifier", "as": "id"}], "url": "https://api.resourcewatch.org/v1/query/098b33df-6871-4e53-a5ff-b56a7d989f9a?sql=SELECT iso as x, name_1 as y FROM gadm28_adm1   ORDER BY name_1 desc LIMIT 50", "format": {"type": "json", "property": "data"}}, {"name": "stats", "source": "table", "transform": [{"type": "extent", "field": "x", "signal": "extent"}]}], "scales": [{"name": "x", "type": "band", "range": "width", "padding": 0.05, "domain": {"data": "table", "field": "id"}}, {"name": "y", "type": "linear", "range": "height", "nice": true, "zero": true, "domain": {"data": "table", "field": "y"}}], "axes": [{"orient": "bottom", "scale": "x", "labelOverlap": "parity", "ticks": false, "encode": {"labels": {"update": {"text": {"signal": "data('table')[datum.value - 1].x"}, "align": {"signal": "width < 300 || extent[1] > 10 ? 'right' : 'center'"}, "baseline": {"signal": "width < 300 || extent[1] > 10 ? 'middle' : 'top'"}, "angle": {"signal": "width < 300 || extent[1] > 10 ? -90 :0 "}}}}}, {"orient": "left", "scale": "y", "labelOverlap": "parity", "format": "s", "encode": {"labels": {"update": {"align": {"value": "right"}, "baseline": {"value": "bottom"}}}}}], "marks": [{"type": "rect", "from": {"data": "table"}, "encode": {"update": {"opacity": {"value": 1}, "x": {"scale": "x", "field": "id"}, "width": {"scale": "x", "band": 1}, "y": {"scale": "y", "field": "y"}, "y2": {"scale": "y", "value": 0}}, "hover": {"opacity": {"value": 0.8}}}}], "interaction_config": [{"name": "tooltip", "config": {"fields": [{"column": "y", "property": "Name", "type": "number", "format": ".2s"}, {"column": "x", "property": "ISO Code", "type": "string", "format": ".2f"}]}}], "config": null}, "template": false, "createdAt": "2018-05-31T14:13:11.890Z", "updatedAt": "2018-05-31T14:13:11.890Z"}}}, {"id": null, "type": "widget", "attributes": {"id": "01f24161-89dc-4319-ad7d-59d935add1bb", "type": "widget", "attributes": {"name": "Test Cl\u00e9ment - Prep", "dataset": "098b33df-6871-4e53-a5ff-b56a7d989f9a", "slug": "Test-Clement-Prep", "userId": "5a212986399f0f000108ae4a", "description": "Best description - eva", "application": ["prep"], "verified": false, "default": false, "protected": false, "defaultEditableWidget": false, "published": false, "freeze": false, "env": "production", "widgetConfig": {"config": null, "interaction_config": [{"config": {"fields": [{"format": ".2s", "type": "number", "property": "Area_ha", "column": "y"}, {"format": ".2f", "type": "string", "property": "Iso", "column": "x"}]}, "name": "tooltip"}], "marks": [{"encode": {"hover": {"opacity": {"value": 0.8}}, "update": {"y2": {"value": 0, "scale": "y"}, "y": {"field": "y", "scale": "y"}, "width": {"band": 1, "scale": "x"}, "x": {"field": "id", "scale": "x"}, "opacity": {"value": 1}}}, "from": {"data": "table"}, "type": "rect"}], "axes": [{"encode": {"labels": {"update": {"angle": {"signal": "width < 300 || data('table')[0].count > 10 ? -90 :0 "}, "baseline": {"signal": "width < 300 || data('table')[0].count > 10 ? 'middle' : 'top'"}, "align": {"signal": "width < 300 || data('table')[0].count > 10 ? 'right' : 'center'"}, "text": {"signal": "width < 300 || data('table')[0].count > 10 ? truncate(data('table')[datum.value - 1].x, 12) : data('table')[datum.value - 1].x"}}}}, "ticks": false, "labelOverlap": "parity", "scale": "x", "orient": "bottom"}, {"encode": {"labels": {"update": {"baseline": {"value": "bottom"}, "align": {"value": "right"}}}}, "format": "s", "labelOverlap": "parity", "scale": "y", "orient": "left"}], "scales": [{"domain": {"field": "id", "data": "table"}, "padding": 0.05, "range": "width", "type": "band", "name": "x"}, {"domain": {"field": "y", "data": "table"}, "zero": true, "nice": true, "range": "height", "type": "linear", "name": "y"}], "data": [{"format": {"property": "data", "type": "json"}, "url": "https://api.resourcewatch.org/v1/query/098b33df-6871-4e53-a5ff-b56a7d989f9a?sql=SELECT iso as x, area_ha as y FROM gadm28_adm1   ORDER BY area_ha desc LIMIT 50", "transform": [{"as": "id", "type": "identifier"}, {"as": ["count"], "type": "joinaggregate"}], "name": "table"}], "paramsConfig": {"layer": null, "band": null, "areaIntersection": null, "filters": [], "chartType": "bar", "aggregateFunction": null, "orderBy": null, "size": null, "color": null, "category": {"tableName": "gadm28_adm1", "datasetID": "098b33df-6871-4e53-a5ff-b56a7d989f9a", "type": "string", "name": "iso"}, "value": {"tableName": "gadm28_adm1", "datasetID": "098b33df-6871-4e53-a5ff-b56a7d989f9a", "type": "number", "name": "area_ha"}, "limit": 50, "visualizationType": "chart"}}, "template": false, "createdAt": "2018-08-09T15:14:26.735Z", "updatedAt": "2018-08-09T15:14:26.735Z"}}}, {"id": null, "type": "widget", "attributes": {"id": "5d01c809-dc6b-4d42-9f68-6fd71295642e", "type": "widget", "attributes": {"name": "Test Cl\u00e9ment: chart widget production", "dataset": "098b33df-6871-4e53-a5ff-b56a7d989f9a", "slug": "Test-Clement-chart-widget-production", "userId": "5a212986399f0f000108ae4a", "description": "Can be deleted", "application": ["prep"], "verified": false, "default": false, "protected": false, "defaultEditableWidget": false, "published": false, "freeze": false, "env": "production", "widgetConfig": {"config": null, "interaction_config": [{"config": {"fields": [{"format": ".2s", "type": "number", "property": "Area_ha", "column": "y"}, {"format": ".2f", "type": "string", "property": "Iso", "column": "x"}]}, "name": "tooltip"}], "marks": [{"encode": {"hover": {"opacity": {"value": 0.8}}, "update": {"y2": {"value": 0, "scale": "y"}, "y": {"field": "y", "scale": "y"}, "width": {"band": 1, "scale": "x"}, "x": {"field": "id", "scale": "x"}, "opacity": {"value": 1}}}, "from": {"data": "table"}, "type": "rect"}], "axes": [{"encode": {"labels": {"update": {"angle": {"signal": "width < 300 || data('table')[0].count > 10 ? -90 :0 "}, "baseline": {"signal": "width < 300 || data('table')[0].count > 10 ? 'middle' : 'top'"}, "align": {"signal": "width < 300 || data('table')[0].count > 10 ? 'right' : 'center'"}, "text": {"signal": "width < 300 || data('table')[0].count > 10 ? truncate(data('table')[datum.value - 1].x, 12) : data('table')[datum.value - 1].x"}}}}, "ticks": false, "labelOverlap": "parity", "scale": "x", "orient": "bottom"}, {"encode": {"labels": {"update": {"baseline": {"value": "bottom"}, "align": {"value": "right"}}}}, "format": "s", "labelOverlap": "parity", "scale": "y", "orient": "left"}], "scales": [{"domain": {"field": "id", "data": "table"}, "padding": 0.05, "range": "width", "type": "band", "name": "x"}, {"domain": {"field": "y", "data": "table"}, "zero": true, "nice": true, "range": "height", "type": "linear", "name": "y"}], "data": [{"format": {"property": "data", "type": "json"}, "url": "https://api.resourcewatch.org/v1/query/098b33df-6871-4e53-a5ff-b56a7d989f9a?sql=SELECT iso as x, area_ha as y FROM gadm28_adm1   ORDER BY area_ha desc LIMIT 50", "transform": [{"as": "id", "type": "identifier"}, {"as": ["count"], "type": "joinaggregate"}], "name": "table"}], "paramsConfig": {"layer": null, "band": null, "areaIntersection": null, "filters": [], "chartType": "bar", "aggregateFunction": null, "orderBy": null, "size": null, "color": null, "category": {"tableName": "gadm28_adm1", "datasetID": "098b33df-6871-4e53-a5ff-b56a7d989f9a", "type": "string", "name": "iso"}, "value": {"tableName": "gadm28_adm1", "datasetID": "098b33df-6871-4e53-a5ff-b56a7d989f9a", "type": "number", "name": "area_ha"}, "limit": 50, "visualizationType": "chart"}}, "template": false, "createdAt": "2018-08-14T12:09:09.960Z", "updatedAt": "2018-08-14T12:09:09.961Z"}}}, {"id": null, "type": "widget", "attributes": {"id": "3538f552-c5a6-4b71-a6cf-e4766bf0f7ba", "type": "widget", "attributes": {"name": "123gold", "dataset": "098b33df-6871-4e53-a5ff-b56a7d989f9a", "slug": "123gold", "userId": "599ac92aa35a51000195f7b7", "description": "new description", "application": ["forest-atlas"], "verified": false, "default": false, "protected": false, "defaultEditableWidget": false, "published": false, "freeze": false, "env": "production", "widgetConfig": {"data": [{"name": "table", "transform": [{"type": "identifier", "as": "id"}, {"type": "joinaggregate", "as": ["count"]}], "url": "https://production-api.globalforestwatch.org/v1/query/098b33df-6871-4e53-a5ff-b56a7d989f9a?sql=SELECT iso as x, shape_area as y FROM gadm28_adm1   ORDER BY shape_area desc LIMIT 50&_=2018-11-12 18:09:25  0000", "format": {"type": "json", "property": "data"}}], "scales": [{"name": "x", "type": "band", "range": "width", "padding": 0.05, "domain": {"data": "table", "field": "id"}}, {"name": "y", "type": "linear", "range": "height", "nice": true, "zero": true, "domain": {"data": "table", "field": "y"}}], "axes": [{"orient": "bottom", "scale": "x", "labelOverlap": "parity", "ticks": false, "encode": {"labels": {"update": {"text": {"signal": "width < 300 || data('table')[0].count > 10 ? truncate(data('table')[datum.value - 1].x, 12) : data('table')[datum.value - 1].x"}, "align": {"signal": "width < 300 || data('table')[0].count > 10 ? 'right' : 'center'"}, "baseline": {"signal": "width < 300 || data('table')[0].count > 10 ? 'middle' : 'top'"}, "angle": {"signal": "width < 300 || data('table')[0].count > 10 ? -90 :0 "}}}}}, {"orient": "left", "scale": "y", "labelOverlap": "parity", "format": "s", "encode": {"labels": {"update": {"align": {"value": "right"}, "baseline": {"value": "bottom"}}}}}], "marks": [{"type": "rect", "from": {"data": "table"}, "encode": {"update": {"opacity": {"value": 1}, "x": {"scale": "x", "field": "id"}, "width": {"scale": "x", "band": 1}, "y": {"scale": "y", "field": "y"}, "y2": {"scale": "y", "value": 0}}, "hover": {"opacity": {"value": 0.8}}}}], "interaction_config": [{"name": "tooltip", "config": {"fields": [{"column": "y", "property": "Shape Area", "type": "number", "format": ".9s"}, {"column": "x", "property": "ISO Code", "type": "string", "format": ".5f"}]}}], "config": {"range": {"dotSize": [20, 250], "category": ["#907A59", "#6AAC9F", "#D5C0A1", "#5C7D86", "#F9AF38", "#F05B3F", "#89AD24", "#CE4861", "#F5808F", "#86C48F", "#F28627", "#B23912", "#BAD6AF", "#C9C857", "#665436"], "category20": ["#907A59", "#6AAC9F", "#D5C0A1", "#5C7D86", "#F9AF38", "#F05B3F", "#89AD24", "#CE4861", "#F5808F", "#86C48F", "#F28627", "#B23912", "#BAD6AF", "#C9C857", "#665436"], "ordinal": {"scheme": "greens"}, "ramp": {"scheme": "purples"}}, "axis": {"labelFontSize": 13, "labelFont": "Lato", "labelColor": "#717171", "labelPadding": 10, "ticks": true, "tickSize": 8, "tickColor": "#A9ABAD", "tickOpacity": 0.5, "tickExtra": false}, "axisX": {"bandPosition": 0.5, "domainWidth": 1.2, "domainColor": "#A9ABAD", "labelAlign": "center", "labelBaseline": "top"}, "axisY": {"domain": false, "labelAlign": "left", "labelBaseline": "bottom", "tickOpacity": 0.5, "grid": true, "ticks": false, "gridColor": "#A9ABAD", "gridOpacity": 0.5}, "mark": {"fill": "#907A59"}, "symbol": {"fill": "#907A59", "stroke": "#fff"}, "rect": {"cornerRadius": 3, "fill": "#907A59"}, "line": {"interpolate": "linear", "stroke": "#907A59", "fillOpacity": 0}, "name": "pine"}}, "template": false, "createdAt": "2018-10-16T10:36:26.761Z", "updatedAt": "2018-10-16T10:36:26.761Z"}}}, {"id": null, "type": "widget", "attributes": {"id": "3438a6dc-9bad-4db0-a09a-d6817fdda7ce", "type": "widget", "attributes": {"name": "WCS Vega Example", "dataset": "098b33df-6871-4e53-a5ff-b56a7d989f9a", "slug": "WCS-Vega-Example_7", "userId": "596cdc2718042773d747b344", "description": "An example widget for registration training", "source": "Blue Raster", "sourceUrl": "https://www.blueraster.com/", "application": ["gfw-pro"], "verified": false, "default": true, "protected": false, "defaultEditableWidget": false, "published": true, "freeze": false, "env": "production", "widgetConfig": {"marks": [{"encode": {"enter": {"stroke": {"value": "black"}, "fill": {"value": "steelblue"}, "y2": {"value": 0, "scale": "y"}, "y": {"field": "siteAbundance", "scale": "y"}, "x": {"field": "surveyYear", "scale": "x"}}}, "from": {"data": "table"}, "type": "area"}], "axes": [{"labelBound": true, "scale": "x", "orient": "bottom"}, {"format": "s", "scale": "y", "orient": "left"}], "scales": [{"domain": {"field": "surveyYear", "data": "table"}, "range": "width", "type": "time", "name": "x"}, {"domain": {"field": "siteAbundance", "data": "table"}, "range": "height", "type": "linear", "name": "y"}], "data": [{"url": "https://library.wcs.org/DesktopModules/WCSVega/API/Data/PopulationMeasureRaw", "format": {"property": "data.values"}, "name": "table"}], "featureDataFieldsToPass": ["site"]}, "template": false, "createdAt": "2018-11-05T16:13:58.717Z", "updatedAt": "2018-11-05T16:13:58.717Z"}}}, {"id": null, "type": "widget", "attributes": {"id": "8aaa66ab-3e34-43a1-9a53-46dd2e4b5539", "type": "widget", "attributes": {"name": "10 Largest Political Boundary Areas (ha)", "dataset": "098b33df-6871-4e53-a5ff-b56a7d989f9a", "slug": "10-Largest-Political-Boundary-Areas-ha", "userId": "594a8b5b3b0f7f271d303321", "description": "", "source": "", "authors": "", "application": ["prep"], "verified": false, "default": false, "protected": false, "defaultEditableWidget": true, "published": true, "thumbnailUrl": "http://wri-api-backups.s3.amazonaws.com/resourcewatch/prod/thumbnails/8aaa66ab-3e34-43a1-9a53-46dd2e4b5539-1546031670840.png", "freeze": false, "env": "production", "queryUrl": "", "widgetConfig": {"config": null, "interaction_config": [{"config": {"fields": [{"format": ".2s", "type": "number", "property": "Area (ha)", "column": "y"}, {"format": ".2f", "type": "string", "property": "Name", "column": "x"}]}, "name": "tooltip"}], "marks": [{"encode": {"hover": {"opacity": {"value": 0.8}}, "update": {"y2": {"value": 0, "scale": "y"}, "y": {"field": "y", "scale": "y"}, "width": {"band": 1, "scale": "x"}, "x": {"field": "id", "scale": "x"}, "opacity": {"value": 1}}}, "from": {"data": "table"}, "type": "rect"}], "axes": [{"encode": {"labels": {"update": {"angle": {"signal": "width < 300 || data('table')[0].count > 10 ? -90 :0 "}, "baseline": {"signal": "width < 300 || data('table')[0].count > 10 ? 'middle' : 'top'"}, "align": {"signal": "width < 300 || data('table')[0].count > 10 ? 'right' : 'center'"}, "text": {"signal": "width < 300 || data('table')[0].count > 10 ? truncate(data('table')[datum.value - 1].x, 12) : data('table')[datum.value - 1].x"}}}}, "ticks": false, "labelOverlap": "parity", "scale": "x", "orient": "bottom"}, {"encode": {"labels": {"update": {"baseline": {"value": "bottom"}, "align": {"value": "right"}}}}, "format": "s", "labelOverlap": "parity", "scale": "y", "orient": "left"}], "scales": [{"domain": {"field": "id", "data": "table"}, "padding": 0.05, "range": "width", "type": "band", "name": "x"}, {"domain": {"field": "y", "data": "table"}, "zero": true, "nice": true, "range": "height", "type": "linear", "name": "y"}], "data": [{"format": {"property": "data", "type": "json"}, "url": "https://api.resourcewatch.org/v1/query/098b33df-6871-4e53-a5ff-b56a7d989f9a?sql=SELECT name_1 as x, area_ha as y FROM gadm28_adm1 WHERE type_1 IN ('County')  ORDER BY area_ha desc LIMIT 15", "transform": [{"as": "id", "type": "identifier"}, {"as": ["count"], "type": "joinaggregate"}], "name": "table"}], "paramsConfig": {"layer": null, "band": null, "areaIntersection": null, "filters": [{"value": ["County"], "tableName": "gadm28_adm1", "datasetID": "098b33df-6871-4e53-a5ff-b56a7d989f9a", "type": "string", "alias": "Type", "name": "type_1"}], "chartType": "bar", "aggregateFunction": null, "orderBy": {"orderType": "desc", "tableName": "gadm28_adm1", "datasetID": "098b33df-6871-4e53-a5ff-b56a7d989f9a", "type": "number", "alias": "Area (ha)", "name": "area_ha"}, "size": null, "color": null, "category": {"tableName": "gadm28_adm1", "datasetID": "098b33df-6871-4e53-a5ff-b56a7d989f9a", "type": "string", "alias": "Name", "name": "name_1"}, "value": {"tableName": "gadm28_adm1", "datasetID": "098b33df-6871-4e53-a5ff-b56a7d989f9a", "type": "number", "alias": "Area (ha)", "name": "area_ha"}, "limit": 15, "visualizationType": "chart"}}, "template": false, "createdAt": "2018-12-28T21:13:52.516Z", "updatedAt": "2018-12-28T21:13:52.516Z"}}}, {"id": null, "type": "widget", "attributes": {"id": "727fec24-35d3-4948-98ad-2e5ba5d1ad29", "type": "widget", "attributes": {"name": "10 Largest Political Boundary Areas (ha)", "dataset": "098b33df-6871-4e53-a5ff-b56a7d989f9a", "slug": "10-Largest-Political-Boundary-Areas-ha_1", "userId": "5980838ae24e6a1dae3dd446", "description": "", "source": "", "authors": "", "application": ["rw"], "verified": false, "default": false, "protected": false, "defaultEditableWidget": true, "published": true, "freeze": false, "env": "production", "queryUrl": "", "widgetConfig": {"config": null, "interaction_config": [{"config": {"fields": [{"format": ".2s", "type": "number", "property": "Area (ha)", "column": "y"}, {"format": ".2f", "type": "string", "property": "Name", "column": "x"}]}, "name": "tooltip"}], "marks": [{"encode": {"hover": {"opacity": {"value": 0.8}}, "update": {"y2": {"value": 0, "scale": "y"}, "y": {"field": "y", "scale": "y"}, "width": {"band": 1, "scale": "x"}, "x": {"field": "id", "scale": "x"}, "opacity": {"value": 1}}}, "from": {"data": "table"}, "type": "rect"}], "axes": [{"encode": {"labels": {"update": {"angle": {"signal": "width < 300 || data('table')[0].count > 10 ? -90 :0 "}, "baseline": {"signal": "width < 300 || data('table')[0].count > 10 ? 'middle' : 'top'"}, "align": {"signal": "width < 300 || data('table')[0].count > 10 ? 'right' : 'center'"}, "text": {"signal": "width < 300 || data('table')[0].count > 10 ? truncate(data('table')[datum.value - 1].x, 12) : data('table')[datum.value - 1].x"}}}}, "ticks": false, "labelOverlap": "parity", "scale": "x", "orient": "bottom"}, {"encode": {"labels": {"update": {"baseline": {"value": "bottom"}, "align": {"value": "right"}}}}, "format": "s", "labelOverlap": "parity", "scale": "y", "orient": "left"}], "scales": [{"domain": {"field": "id", "data": "table"}, "padding": 0.05, "range": "width", "type": "band", "name": "x"}, {"domain": {"field": "y", "data": "table"}, "zero": true, "nice": true, "range": "height", "type": "linear", "name": "y"}], "data": [{"format": {"property": "data", "type": "json"}, "url": "https://api.resourcewatch.org/v1/query/098b33df-6871-4e53-a5ff-b56a7d989f9a?sql=SELECT name_1 as x, area_ha as y FROM gadm28_adm1   ORDER BY area_ha desc LIMIT 50", "transform": [{"as": "id", "type": "identifier"}, {"as": ["count"], "type": "joinaggregate"}], "name": "table"}], "paramsConfig": {"layer": null, "band": null, "areaIntersection": null, "filters": [], "chartType": "bar", "aggregateFunction": null, "orderBy": {"orderType": "desc", "tableName": "gadm28_adm1", "datasetID": "098b33df-6871-4e53-a5ff-b56a7d989f9a", "type": "number", "alias": "Area (ha)", "name": "area_ha"}, "size": null, "color": null, "category": {"tableName": "gadm28_adm1", "datasetID": "098b33df-6871-4e53-a5ff-b56a7d989f9a", "type": "string", "alias": "Name", "name": "name_1"}, "value": {"tableName": "gadm28_adm1", "datasetID": "098b33df-6871-4e53-a5ff-b56a7d989f9a", "type": "number", "alias": "Area (ha)", "name": "area_ha"}, "limit": 50, "visualizationType": "chart"}}, "template": false, "createdAt": "2019-02-05T13:55:50.286Z", "updatedAt": "2019-02-05T13:55:50.286Z"}}}, {"id": null, "type": "widget", "attributes": {"id": "044a8f44-81b5-4de1-811c-0c80fde87587", "type": "widget", "attributes": {"name": "dry spell and population", "dataset": "098b33df-6871-4e53-a5ff-b56a7d989f9a", "slug": "dry-spell-and-population", "userId": "5c8ca206b0addd00103887f3", "description": "", "application": ["prep"], "verified": false, "default": false, "protected": false, "defaultEditableWidget": false, "published": false, "freeze": false, "env": "production", "widgetConfig": {"url": "https://prepdata.org/embed/explore/?activeDatasets=098b33df-6871-4e53-a5ff-b56a7d989f9a%7C1%7Ctrue%7C2&activeDatasets=141ef6ab-eed9-4081-8066-7be364a48af0%7C0.91%7Ctrue%7C0&activeDatasets=f5152f7b-757b-4e09-98d2-e244f547fec8%7C0.43%7Ctrue%7C1&basemap=default&boundaries=false&filterQuery=boundar&labels=none&lat=24.04646399966658&lng=75.41015625&location=GLOBAL&minZoom=3&tab=all_datasets&water=none&zoom=5", "type": "embed"}, "template": false, "createdAt": "2019-03-16T08:04:28.568Z", "updatedAt": "2019-03-16T08:04:28.568Z"}}}, {"id": null, "type": "widget", "attributes": {"id": "a1d8e1ad-4242-46d5-b8ce-a60fd7f298b2", "type": "widget", "attributes": {"name": "change", "dataset": "098b33df-6871-4e53-a5ff-b56a7d989f9a", "slug": "change", "userId": "5c8ca206b0addd00103887f3", "description": "dry spell 2041-2050", "application": ["prep"], "verified": false, "default": false, "protected": false, "defaultEditableWidget": false, "published": false, "freeze": false, "env": "production", "widgetConfig": {"url": "https://prepdata.org/embed/explore/?activeDatasets=098b33df-6871-4e53-a5ff-b56a7d989f9a%7C1%7Ctrue%7C0&activeDatasets=141ef6ab-eed9-4081-8066-7be364a48af0%7C0.91%7Ctrue%7C1&activeDatasets=f5152f7b-757b-4e09-98d2-e244f547fec8%7C0.43%7Ctrue%7C2&basemap=default&boundaries=false&filterQuery=dry+spell&labels=none&lat=24.04646399966658&lng=75.41015625&location=GLOBAL&minZoom=3&tab=all_datasets&water=none&zoom=5", "type": "embed"}, "template": false, "createdAt": "2019-03-16T08:10:10.337Z", "updatedAt": "2019-03-16T08:10:10.337Z"}}}, {"id": null, "type": "widget", "attributes": {"id": "f91a1ec7-ffc4-43d6-85cd-7137fd95abcb", "type": "widget", "attributes": {"name": "test", "dataset": "098b33df-6871-4e53-a5ff-b56a7d989f9a", "slug": "test_10", "userId": "5be3027c571862e8910f1888", "description": "test", "application": ["rw"], "verified": false, "default": false, "protected": false, "defaultEditableWidget": false, "published": false, "freeze": false, "env": "production", "widgetConfig": {"config": null, "paramsConfig": {"layer": "e1dc5626-c1c2-4d60-a6a9-746a33fe1cb7", "band": null, "areaIntersection": null, "filters": [], "chartType": null, "aggregateFunction": null, "orderBy": null, "size": null, "color": null, "category": null, "value": null, "limit": 50, "visualizationType": "map"}, "basemapLayers": {"boundaries": false, "labels": null, "basemap": "dark"}, "bbox": [-43.76953125, -49.49667452747044, 43.76953125, 49.49667452747045], "lng": 0, "lat": 0, "zoom": 3, "layer_id": "e1dc5626-c1c2-4d60-a6a9-746a33fe1cb7", "type": "map"}, "template": false, "createdAt": "2019-04-09T11:24:50.474Z", "updatedAt": "2019-04-09T11:24:50.474Z"}}}]}}