{"id": "0f24299d-2aaa-4afc-945c-b614028c12d1", "type": "dataset", "attributes": {"name": "Fire alerts summary stats", "slug": "Fire-alerts-summary-stats", "type": null, "subtitle": null, "application": ["gfw"], "dataPath": null, "attributesPath": null, "connectorType": "document", "provider": "csv", "userId": "57a9d92029309063404573a1", "connectorUrl": "http://gfw2-data.s3.amazonaws.com/country-pages/fire_alerts_adm2.csv", "tableName": "index_0f24299d2aaa4afc945cb614028c12d1_1542818346653", "status": "saved", "published": true, "overwrite": true, "verified": false, "blockchain": {}, "mainDateField": null, "env": "production", "geoInfo": false, "protected": true, "legend": {"date": [], "region": [], "country": [], "nested": []}, "clonedHost": {}, "errorMessage": "", "taskId": "/v1/doc-importer/task/d5d0cb35-7eb9-4053-8d79-03222ea023b9", "updatedAt": "2019-06-18T02:27:12.025Z", "dataLastUpdated": null, "metadata": [], "widget": [], "layer": [], "widgetRelevantProps": [], "layerRelevantProps": [], "vocabulary": [{"id": "0f24299d-2aaa-4afc-945c-b614028c12d1", "type": "vocabulary", "attributes": {"resource": {"id": "0f24299d-2aaa-4afc-945c-b614028c12d1", "type": "dataset"}, "tags": ["forestChange", "firesAlerts"], "name": "categoryTab", "application": "gfw"}}]}}