{"id": "1bdceabb-fed6-4d4d-9b38-0f04ef538434", "type": "dataset", "attributes": {"name": "Peru forest concessions", "slug": "Peru-forest-concessions", "type": null, "subtitle": null, "application": ["gfw"], "dataPath": null, "attributesPath": null, "connectorType": "rest", "provider": "cartodb", "userId": "59db4eace9c1380001d6e4c3", "connectorUrl": "https://wri-01.carto.com/tables/concesion_forestal", "tableName": "concesion_forestal", "status": "saved", "published": true, "overwrite": false, "verified": false, "blockchain": {}, "mainDateField": null, "env": "production", "geoInfo": false, "protected": true, "legend": {"date": [], "region": [], "country": [], "nested": []}, "clonedHost": {}, "errorMessage": "", "taskId": null, "updatedAt": "2018-11-21T16:09:39.611Z", "dataLastUpdated": null, "widget": [], "widgetRelevantProps": [], "layerRelevantProps": [], "layer": [{"id": "eac334a5-162d-40d4-a0e7-ec2e5e3562ab", "type": "layer", "attributes": {"name": "Peru forest concessions - 2015", "slug": "Peru-forest-concessions-2013", "dataset": "1bdceabb-fed6-4d4d-9b38-0f04ef538434", "description": "Displays boundaries of areas allocated by the forest authority and supervised by the Supervisory Body for Forest and Wildlife Resources (OSINFOR) for timber, non-timber products, conservation, ecotourism, wildlife, afforestation, and reforestation.", "application": ["gfw"], "iso": ["PER"], "provider": "cartodb", "userId": "59db4eace9c1380001d6e4c3", "default": true, "protected": true, "published": true, "env": "production", "layerConfig": {"account": "wri-01", "body": {"layers": [{"options": {"cartocss": "#concesion_forestal {polygon-opacity: 1; line-color: #fff; line-opacity: 1; #low-zoom [zoom < 8]{ line-width: 0.25;}#med-zoom [zoom > 7]{ line-width: 0.5;  }#high-zoom [zoom > 10]{   line-width: 1;}} #concesion_forestal [estado=\"SUPERVISADO POR EL OSINFOR\"] { polygon-fill: #1F78B4; } #concesion_forestal [estado=\"NO SUPERVISADO\"] { polygon-fill: #A6CEE3; } #concesion_forestal [estado=\"NO SUPERVISADO (COMPETENCIA SERNANP)\"] { polygon-fill: #A6CEE3; }", "cartocss_version": "2.3.0", "sql": "SELECT * FROM concesion_forestal"}, "type": "cartodb"}], "maxzoom": 19, "minzoom": 2, "vectorLayers": [{"paint": {"fill-opacity": 1}, "source-layer": "layer0", "type": "fill"}, {"paint": {"line-color": "#fff", "line-opacity": 1, "line-width": 0}, "source-layer": "layer0", "type": "line"}, {"filter": ["all", ["==", "estado", "SUPERVISADO POR EL OSINFOR"]], "paint": {"fill-color": "#1F78B4"}, "source-layer": "layer0", "type": "fill"}, {"filter": ["all", ["==", "estado", "NO SUPERVISADO"]], "paint": {"fill-color": "#A6CEE3"}, "source-layer": "layer0", "type": "fill"}, {"filter": ["all", ["==", "estado", "NO SUPERVISADO (COMPETENCIA SERNANP)"]], "paint": {"fill-color": "#A6CEE3"}, "source-layer": "layer0", "type": "fill"}]}}, "legendConfig": {"items": [{"color": "#1F78B4", "name": "Supervised by OSINFOR"}, {"color": "#A6CEE3", "name": "Not supervised"}], "type": "basic"}, "interactionConfig": {"type": "intersection", "output": [{"type": "string", "property": "Name", "format": null, "column": "titular"}, {"type": "string", "property": "Province", "format": null, "column": "provincia"}, {"type": "string", "property": "Type", "format": null, "column": "modalid"}, {"type": "string", "property": "Supervision", "format": null, "column": "estado"}, {"type": "name", "suffix": "ha", "property": "Area", "format": null, "column": "area_ha"}, {"hidden": true, "type": "number", "property": "cartodb_id", "format": null, "column": "cartodb_id"}, {"hidden": true, "type": "json", "property": "the_geom", "format": "json", "column": "the_geom_webmercator"}]}, "applicationConfig": {"active": true, "analysisEndpoint": "use", "default": true, "global": false, "metadata": "concesiones_forestales", "selectorConfig": {"label": "category", "sentence": "Displaying Peru forest concessions by {selector}", "position": 0, "value": "peruConcessionsCat"}}, "staticImageConfig": {}, "updatedAt": "2019-03-08T17:19:06.453Z"}}, {"id": "886ba947-02ba-4213-a8fa-f0ca7402d263", "type": "layer", "attributes": {"name": "Peru forest concessions by type - 2015", "slug": "Peru-forest-concessions-by-type-2013", "dataset": "1bdceabb-fed6-4d4d-9b38-0f04ef538434", "description": "Displays boundaries of areas allocated by the forest authority and supervised by the Supervisory Body for Forest and Wildlife Resources (OSINFOR) for timber, non-timber products, conservation, ecotourism, wildlife, afforestation, and reforestation.", "application": ["gfw"], "iso": ["PER"], "provider": "cartodb", "userId": "59db4eace9c1380001d6e4c3", "default": true, "protected": true, "published": true, "env": "production", "layerConfig": {"account": "wri-01", "body": {"layers": [{"options": {"cartocss": "#concesion_forestal {polygon-opacity: 1; line-color: #fff; line-opacity: 1; #low-zoom [zoom < 8]{ line-width: 0.25;}#med-zoom [zoom > 7]{ line-width: 0.5;  }#high-zoom [zoom > 10]{   line-width: 1;}} #concesion_forestal [estado=\"SUPERVISADO POR EL OSINFOR\"] { polygon-fill: #1F78B4; } #concesion_forestal [estado=\"NO SUPERVISADO\"] { polygon-fill: #A6CEE3; } #concesion_forestal [estado=\"NO SUPERVISADO (COMPETENCIA SERNANP)\"] { polygon-fill: #A6CEE3; }", "cartocss_version": "2.3.0", "sql": "SELECT * FROM concesion_forestal"}, "type": "cartodb"}], "maxzoom": 19, "minzoom": 2, "vectorLayers": [{"filter": ["all", ["==", "modalid", "POR CONCURSO PUBLICO"]], "paint": {"fill-color": "#1F78B4", "fill-outline-color": "#FFF"}, "source-layer": "layer0", "type": "fill"}, {"filter": ["all", ["==", "modalid", "POR ADECUACION DE CONTRATO"]], "paint": {"fill-color": "#1F78B4", "fill-outline-color": "#FFF"}, "source-layer": "layer0", "type": "fill"}, {"filter": ["all", ["==", "modalid", "CONTRATO MAYOR A 1000 HA"]], "paint": {"fill-color": "#1F78B4"}, "source-layer": "layer0", "type": "fill"}, {"filter": ["all", ["==", "modalid", "MADERABLE"]], "paint": {"fill-color": "#1F78B4", "fill-outline-color": "#FFF"}, "source-layer": "layer0", "type": "fill"}, {"filter": ["all", ["==", "modalid", "FORESTACI\u00d3N Y REFORESTACI\u00d3N"]], "paint": {"fill-color": "#e5d204", "fill-outline-color": "#FFF"}, "source-layer": "layer0", "type": "fill"}, {"filter": ["all", ["==", "modalid", "CONSERVACION"]], "paint": {"fill-color": "#33A02C", "fill-outline-color": "#FFF"}, "source-layer": "layer0", "type": "fill"}, {"filter": ["all", ["==", "modalid", "ECOTURISMO"]], "paint": {"fill-color": "#FB9A99", "fill-outline-color": "#FFF"}, "source-layer": "layer0", "type": "fill"}, {"filter": ["all", ["==", "modalid", "UNGURAHUI"]], "paint": {"fill-color": "#E31A1C", "fill-outline-color": "#FFF"}, "source-layer": "layer0", "type": "fill"}, {"filter": ["all", ["==", "modalid", "SHIRINGA"]], "paint": {"fill-color": "#E31A1C", "fill-outline-color": "#FFF"}, "source-layer": "layer0", "type": "fill"}, {"filter": ["all", ["==", "modalid", "PLANTAS MEDICINALES"]], "paint": {"fill-color": "#E31A1C", "fill-outline-color": "#FFF"}, "source-layer": "layer0", "type": "fill"}, {"filter": ["all", ["==", "modalid", "CASTA\u00d1A"]], "paint": {"fill-color": "#E31A1C", "fill-outline-color": "#FFF"}, "source-layer": "layer0", "type": "fill"}, {"filter": ["all", ["==", "modalid", "AGUAJE"]], "paint": {"fill-color": "#E31A1C", "fill-outline-color": "#FFF"}, "source-layer": "layer0", "type": "fill"}, {"filter": ["all", ["==", "modalid", "MANEJO DE FAUNA SILVESTRE"]], "paint": {"fill-color": "#FDBF6F", "fill-outline-color": "#FFF"}, "source-layer": "layer0", "type": "fill"}]}}, "legendConfig": {"items": [{"color": "#1F78B4", "name": "Timber"}, {"color": "#F9FF00", "name": "Reforestation and afforestation"}, {"color": "#33A02C", "name": "Conservation"}, {"color": "#FB9A99", "name": "Ecotourism"}, {"color": "#E31A1C", "name": "Non-timber forest products"}, {"color": "#FDBF6F", "name": "Fauna"}], "type": "basic"}, "interactionConfig": {"type": "intersection", "output": [{"type": "string", "property": "Name", "format": null, "column": "titular"}, {"type": "string", "property": "Province", "format": null, "column": "provincia"}, {"type": "string", "property": "Type", "format": null, "column": "modalid"}, {"type": "string", "property": "Supervision", "format": null, "column": "estado"}, {"type": "name", "suffix": "ha", "property": "Area", "format": null, "column": "area_ha"}, {"hidden": true, "type": "number", "property": "cartodb_id", "format": null, "column": "cartodb_id"}, {"hidden": true, "type": "json", "property": "the_geom", "format": "json", "column": "the_geom_webmercator"}]}, "applicationConfig": {"active": true, "analysisEndpoint": "use", "default": false, "global": false, "metadata": "concesiones_forestales", "selectorConfig": {"label": "type", "position": 1, "sentence": "Displaying Peru forest concessions by {selector}", "value": "peruConcessionsType"}}, "staticImageConfig": {}, "updatedAt": "2019-03-08T17:36:00.367Z"}}], "metadata": [{"id": "5bf57ff8e4a0af0011e00ecc", "type": "metadata", "attributes": {"dataset": "1bdceabb-fed6-4d4d-9b38-0f04ef538434", "application": "gfw", "resource": {"id": "1bdceabb-fed6-4d4d-9b38-0f04ef538434", "type": "dataset"}, "language": "en", "info": {"citation": "", "color": "#CF7FEC", "description": "Displays boundaries of areas allocated by the forest authority and supervised by the Supervisory Body for Forest and Wildlife Resources (OSINFOR) for timber, non-timber products, conservation, ecotourism, wildlife, afforestation, and reforestation.", "name": "Peru forest concessions", "isSelectorLayer": true}, "createdAt": "2018-11-21T15:55:36.617Z", "updatedAt": "2018-11-22T08:26:12.026Z", "status": "published"}}], "vocabulary": [{"id": "1bdceabb-fed6-4d4d-9b38-0f04ef538434", "type": "vocabulary", "attributes": {"resource": {"id": "1bdceabb-fed6-4d4d-9b38-0f04ef538434", "type": "dataset"}, "tags": ["landUse", "concessions"], "name": "categoryTab", "application": "gfw"}}]}}