{"id": "20aead6e-fef9-41c7-92c8-ea00edcae077", "type": "dataset", "attributes": {"name": "bio.030 Tiger Conservation Landscapes", "slug": "Tiger-Conservation-Landscapes-1490086842553", "type": "tabular", "subtitle": null, "application": ["rw"], "dataPath": null, "attributesPath": null, "connectorType": "rest", "provider": "featureservice", "userId": "58333dcfd9f39b189ca44c75", "connectorUrl": "http://gis-gfw.wri.org/arcgis/rest/services/conservation/MapServer/3?f=pjson", "tableName": "conservationMapServer3", "status": "saved", "published": false, "overwrite": false, "verified": false, "blockchain": {}, "subscribable": {}, "mainDateField": null, "env": "production", "geoInfo": true, "protected": false, "legend": {"date": [], "region": [], "country": [], "nested": []}, "clonedHost": {}, "errorMessage": null, "taskId": null, "updatedAt": "2018-08-09T16:41:50.251Z", "dataLastUpdated": null, "vocabulary": [], "widgetRelevantProps": ["tcl_name", "tcl_id", "area_ha", "tx2_tcl", "shape_Area"], "layerRelevantProps": ["area_ha", "shape", "shape_Length", "shape_Area", "tcl_name", "tcl_id", "globalid", "tx2_tcl", "gfwid", "objectid"], "layer": [{"id": "84698937-429c-4141-8752-8d8f36a7e98c", "type": "layer", "attributes": {"name": "Tiger Conservation Landscapes and Corridors", "slug": "tiger-conservation-landscapes", "dataset": "20aead6e-fef9-41c7-92c8-ea00edcae077", "description": "Locations of tiger conservation landscapes, Tx2 tiger conservation landscapes, and Terai Arc Landscape corridors.", "application": ["rw"], "iso": [""], "provider": "cartodb", "userId": "57a0aa1071e394dd32ffe137", "default": true, "protected": false, "published": true, "env": "production", "layerConfig": {"account": "wri-01", "body": {"maxzoom": 18, "minzoom": 3, "extent": [16769672.5095, -3209132.19552, 3189564.31628, 5850795.89306], "layers": [{"type": "mapnik", "options": {"sql": "SELECT * FROM tiger_conservation_landscapes", "cartocss": "#tiger_conservation_landscapes {  polygon-fill: #FFCC00;  polygon-opacity: 0.8;  line-color: #FF5C00;  line-width: 0.5;  line-opacity: 0.5;}#tiger_conservation_landscapes[tx2_tcl=1] {  polygon-fill: #FF5C00;  line-color: #081B47;}", "cartocss_version": "2.3.0"}}]}}, "legendConfig": {"items": [{"color": "#FFCC00", "name": "Tiger conservation landscapes"}, {"color": "#FF5C00", "name": "Tx2 tiger conservation landscapes"}, {"color": "#229a00", "name": "Terai arc landscape corridors"}], "type": "basic"}, "interactionConfig": {"output": [{"column": "tcl_name", "format": null, "prefix": "", "property": "Tiger Conservation Landscape", "suffix": "", "type": "esriFieldTypeString"}, {"column": "area_ha", "format": null, "prefix": "", "property": "Area", "suffix": " ha", "type": "esriFieldTypeInteger"}]}, "applicationConfig": {"default": true, "active": true, "global": true, "metadata": "tiger_conservation_landscapes"}, "staticImageConfig": {}, "updatedAt": "2018-08-09T16:41:49.948Z"}}, {"id": "642f161f-8c5e-4e5f-952a-88f8c3887d72", "type": "layer", "attributes": {"name": "Tiger Conservation Landscapes and Corridors", "slug": "Tiger-Conservation-Landscapes-and-Corridors_2", "dataset": "20aead6e-fef9-41c7-92c8-ea00edcae077", "application": ["gfw"], "iso": [""], "userId": "59db4eace9c1380001d6e4c3", "default": false, "protected": false, "published": true, "env": "production", "layerConfig": {"body": {"layers": [{"options": {"cartocss_version": "2.3.0", "cartocss": "#tiger_conservation_landscapes {  polygon-fill: #FFCC00;  polygon-opacity: 0.8;  line-color: #FF5C00;  line-width: 0.5;  line-opacity: 0.5;}#tiger_conservation_landscapes[tx2_tcl=1] {  polygon-fill: #FF5C00;  line-color: #081B47;}", "sql": "SELECT * FROM tiger_conservation_landscapes"}, "type": "mapnik"}], "extent": [16769672.5095, -3209132.19552, 3189564.31628, 5850795.89306], "minzoom": 3, "maxzoom": 18}, "account": "wri-01"}, "legendConfig": {"type": "basic", "items": [{"name": "Tiger conservation landscapes", "color": "#FFCC00"}, {"name": "Tx2 tiger conservation landscapes", "color": "#FF5C00"}, {"name": "Terai arc landscape corridors", "color": "#229a00"}]}, "interactionConfig": {"output": [{"type": "esriFieldTypeString", "suffix": "", "property": "Tiger Conservation Landscape", "prefix": "", "format": null, "column": "tcl_name"}, {"type": "esriFieldTypeInteger", "suffix": " ha", "property": "Area", "prefix": "", "format": null, "column": "area_ha"}]}, "applicationConfig": {"metadata": "tiger_conservation_landscapes", "global": true, "active": true, "default": true}, "staticImageConfig": {}, "updatedAt": "2018-08-10T07:46:02.328Z"}}], "metadata": [{"id": "59d538fd66b9630011465ecd", "type": "metadata", "attributes": {"dataset": "20aead6e-fef9-41c7-92c8-ea00edcae077", "application": "rw", "resource": {"id": "20aead6e-fef9-41c7-92c8-ea00edcae077", "type": "dataset"}, "language": "en", "name": "Tiger Conservation Landscapes", "description": "These 3 data sets, produced by WWF and RESOLVE, show the location of current tiger habitat and priority areas for habitat conservation. (1) Tiger Conservation Landscapes: Tiger conservation landscapes (TCLs) are large blocks of contiguous or connected area of suitable tiger habitat that that can support at least 5 adult tigers and where tiger presence has been confirmed in the past 10 years. The data set was created by mapping tiger distribution, determined by land cover type, forest extent, and prey base, against a human influence index. Areas of high human influence that overlapped with suitable habitat were not considered tiger habitat. (2) Tx2 Tiger Conservation Landscapes: This data set displays 29 Tx2 tiger conservation landscapes (Tx2 TCLs), defined areas that could double the wild tiger population through proper conservation and management by 2020. (3) Terai Arc Landscape corridors: This data set displays 9 forest corridors on the Nepalese side of the Terai Arc Landscape (TAL). The TAL is an area that encompasses lowlands and the foothills of the Himalayas and contains 14 protected areas in total. Wildlife corridors enable animals to travel between these areas, increasing their long-term survival. Corridors are defined as existing forests connecting current Royal Bengal tiger metapopulations in Nepal and India. Resource Watch shows only a subset of the data set. For access to the full data set and additional information, see the Learn More link.", "source": "WWF/RESOLVE", "info": {"rwId": "bio.030", "data_type": "Vector", "name": "Tiger Conservation Landscapes", "sources": [{"source-name": "World Wildlife Fund (WWF)", "id": 0, "source-description": ""}, {"source-name": "Resolve", "id": 1, "source-description": ""}], "technical_title": "Tiger Conservation Landscapes 2.0", "functions": "Location of current tiger habitats, areas of habitat expansion, and critical tiger corridors", "cautions": "Tiger conservation landscapes were created under the assumption that suitable habitat depends on quality and size of land cover and prey base. Land cover data were problematic in certain geographies due to the presence of tree plantations. In some cases, forest cover was overestimated or underestimated. The Tiger Location database, on which this data set was built, is incomplete for some regions, and the data come from a variety of sources and research methods.", "citation": "(1) WWF and RESOLVE. \"Tiger Conservation Landscapes.\" Accessed through Resource Watch, (date). [www.resourcewatch.org](www.resourcewatch.org).  (2) Tiger Conservation Landscapes: Dinerstein, E., Loucks, C.J., Wikramanayake, E., Ginsberg, J., Sanderson, E., Seidensticker, J., Forrest, J.L., Bryja, G., Heydlauff, A., Klenzendorf, S., Mills, J, O'Brien, T., Shrestha, M, Simons, R., Songer, M. 2007. \"The fate of wild tigers.\" BioScience 57: 508-14. Accessed through Resource Watch, (date). [www.resourcewatch.org](www.resourcewatch.org).  (3) Tx2 Tiger Conservation Landscapes: Wikramanayake, E., Dinerstein, E., Seidensticker, J., Lumpkin, S., Pandav, B., Shrestha, M., Mishra, H., Ballou, J., Johnsingh, A.J.T., Chestin, I., Sunarto, S., Thinley, P., Thapa, K., Jiang, G., Elagupillay, S., Kafley, H., Pradhan, N.M.B., Jigme, K., Teak, S., Cutter, P., Aziz, Md. A., Than, U. 2011. A landscape-based conservation strategy to double the wild tiger population. Conservation Letters, 4 (3):219-227. Accessed through Resource Watch, (date). [www.resourcewatch.org](www.resourcewatch.org).  (4) Terai Arc Landscape corridors: Wikramanayake, E., M. McNight, E. Dinerstein, A. Joshi, B. Gurung, D. Smith. 2004. Designing a Conservation Landscape for Tigers in Human-Dominated Environments. Conservation Biology (18):839-844. Accessed through Resource Watch, (date). [www.resourcewatch.org](www.resourcewatch.org). ", "license": "Creative Commons Attribution 4.0 International", "license_link": "https://creativecommons.org/licenses/by/4.0/", "geographic_coverage": "Bangladesh, Bhutan, Cambodia, China, India, Indonesia, Laos, Malaysia, Myanmar, Nepal, Russia, Thailand, Vietnam", "spatial_resolution": null, "date_of_content": null, "frequency_of_updates": "Annual", "learn_more_link": "https://www.worldwildlife.org/publications/tiger-conservation-landscape-data-and-report", "data_download_link": null, "data_download_original_link": "http://data.globalforestwatch.org/datasets/04d892c083f54c638228931da081467b_3"}, "columns": {"tcl_name": {"alias": "Name", "description": "Tiger Conservation Landscape name"}, "area_ha": {"alias": "Area (ha)", "description": "Area in hectares"}, "shape_Area": {"alias": "Shape Area"}, "tx2_tcl": {"alias": "Tx2 Target", "description": "Progress on action plan to double tiger population"}, "tcl_id": {"alias": "ID", "description": "Tiger Conservation Landscape unique ID"}}, "createdAt": "2017-10-04T19:39:41.859Z", "updatedAt": "2019-04-09T19:53:49.049Z", "status": "published"}}]}}