{"id": "2b247346-2a1c-4dbf-a934-dd529deed869", "type": "dataset", "attributes": {"name": "CMR 9.1 test data NULL Thomas", "slug": "CMR-91-test-data-NULL-Thomas", "type": null, "subtitle": null, "application": ["gfw"], "dataPath": null, "attributesPath": null, "connectorType": "document", "provider": "json", "userId": "58750a56dfc643722bdd02ab", "connectorUrl": "https://gfw-files.s3.amazonaws.com/2018_update/results/upload/part-00000-3d6a20b4-b6c1-46e1-8c6d-4f1353c03147-c000.txt", "tableName": "index_2b2473462a1c4dbfa934dd529deed869_1556215000352", "status": "saved", "published": true, "overwrite": true, "verified": false, "blockchain": {}, "mainDateField": null, "env": "production", "geoInfo": false, "protected": false, "legend": {"date": [], "region": [], "country": [], "nested": ["year_data"]}, "clonedHost": {}, "errorMessage": "", "taskId": "/v1/doc-importer/task/c57608d4-5658-4031-9cd8-6be1c8e5f3ee", "updatedAt": "2019-04-25T17:56:54.762Z", "dataLastUpdated": null, "metadata": [], "widget": [], "layer": [], "vocabulary": [], "widgetRelevantProps": [], "layerRelevantProps": []}}