{"id": "4145f642-5455-4414-b214-58ad39b83e1e", "type": "dataset", "attributes": {"name": "Fire alerts (MODIS and VIIRS) summary stats grouped by date, polyname, iso, adm1 and adm2", "slug": "Fire-alerts-MODIS-and-VIIRS-summary-stats-grouped-by-date-polyname-iso-adm1-and-adm2", "type": null, "subtitle": null, "application": ["gfw"], "dataPath": null, "attributesPath": null, "connectorType": "document", "provider": "csv", "userId": "57a9d92029309063404573a1", "connectorUrl": "http://gfw2-data.s3.amazonaws.com/country-pages/fire_alerts_all.csv", "tableName": "index_4145f64254554414b21458ad39b83e1e_1560915337326", "status": "saved", "published": true, "overwrite": true, "verified": false, "blockchain": {}, "mainDateField": null, "env": "production", "geoInfo": false, "protected": true, "legend": {"date": [], "region": [], "country": [], "nested": []}, "clonedHost": {}, "errorMessage": "", "taskId": "/v1/doc-importer/task/907e5145-c4c8-4ef5-b50a-e4cdb5ca8d54", "updatedAt": "2019-06-21T03:35:05.982Z", "dataLastUpdated": null, "metadata": [], "widget": [], "layer": [], "widgetRelevantProps": [], "layerRelevantProps": [], "vocabulary": [{"id": "4145f642-5455-4414-b214-58ad39b83e1e", "type": "vocabulary", "attributes": {"resource": {"id": "4145f642-5455-4414-b214-58ad39b83e1e", "type": "dataset"}, "tags": ["forestChange", "firesAlerts"], "name": "categoryTab", "application": "gfw"}}]}}