{"id": "4251b827-c6dc-4b27-9850-c6c652e18de3", "type": "dataset", "attributes": {"name": "Sabah Timber Plantations Licenses", "slug": "Sabah-Timber-Plantations-Licenses", "type": null, "subtitle": null, "application": ["gfw"], "dataPath": null, "attributesPath": null, "connectorType": "rest", "provider": "cartodb", "userId": "59db4eace9c1380001d6e4c3", "connectorUrl": "https://wri-01.carto.com/tables/mys_wood_fiber_sabah", "tableName": "mys_wood_fiber_sabah", "status": "saved", "published": true, "overwrite": false, "verified": false, "blockchain": {}, "mainDateField": null, "env": "production", "geoInfo": false, "protected": true, "legend": {"date": [], "region": [], "country": [], "nested": []}, "clonedHost": {}, "errorMessage": "", "taskId": null, "updatedAt": "2018-11-21T14:02:51.028Z", "dataLastUpdated": null, "widget": [], "widgetRelevantProps": [], "layerRelevantProps": [], "layer": [{"id": "fc493b78-d0cc-4d99-90f7-8285f98ca348", "type": "layer", "attributes": {"name": "Sabah timber plantations licenses - 2014", "slug": "Sabah-Timber-Plantations-Licenses", "dataset": "4251b827-c6dc-4b27-9850-c6c652e18de3", "description": "Shows the boundaries of timber plantation licenses in Sabah.", "application": ["gfw"], "iso": ["MYS"], "provider": "cartodb", "userId": "59db4eace9c1380001d6e4c3", "default": false, "protected": true, "published": true, "env": "production", "layerConfig": {"body": {"layers": [{"options": {"cartocss_version": "2.3.0", "cartocss": "#mys_wood_fiber_sabah{ polygon-fill: #e6adb9; line-color: #e6adb9; line-clip: false; polygon-clip: false; }", "sql": "SELECT cartodb_id, the_geom_webmercator, name FROM mys_wood_fiber_sabah"}, "type": "cartodb"}], "minzoom": 2, "maxzoom": 19, "vectorLayers": [{"type": "fill", "source-layer": "layer0", "paint": {"fill-opacity": "transparent", "fill-color": "#e6adb9"}}, {"type": "line", "source-layer": "layer0", "paint": {"line-opacity": "transparent", "line-color": "#e6adb9", "line-width": 1}}]}, "account": "wri-01"}, "legendConfig": {"type": "basic", "items": [{"color": "#e6adb9", "name": "Sabah timber plantations licenses"}]}, "interactionConfig": {"type": "intersection", "output": [{"column": "name", "property": "Name", "type": "string", "format": null}, {"column": "cartodb_id", "format": null, "property": "cartodb_id", "type": "number", "hidden": true}, {"column": "the_geom_webmercator", "format": "json", "property": "the_geom", "type": "json", "hidden": true}]}, "applicationConfig": {"default": true, "active": true, "global": false, "metadata": "mys_wood_fiber_sabah", "analysisEndpoint": "use"}, "staticImageConfig": {}, "updatedAt": "2019-03-08T13:19:47.467Z"}}], "metadata": [{"id": "5b64554ab6baae001154d1ab", "type": "metadata", "attributes": {"dataset": "4251b827-c6dc-4b27-9850-c6c652e18de3", "application": "gfw", "resource": {"id": "4251b827-c6dc-4b27-9850-c6c652e18de3", "type": "dataset"}, "language": "en", "info": {"name": "Sabah timber plantations licenses", "description": "Shows the boundaries of timber plantation licenses in Sabah.", "color": "#12724C", "citation": ""}, "createdAt": "2018-08-03T13:14:50.038Z", "updatedAt": "2018-11-06T15:58:00.393Z", "status": "published"}}], "vocabulary": [{"id": "4251b827-c6dc-4b27-9850-c6c652e18de3", "type": "vocabulary", "attributes": {"resource": {"id": "4251b827-c6dc-4b27-9850-c6c652e18de3", "type": "dataset"}, "tags": ["landUse", "concessions"], "name": "categoryTab", "application": "gfw"}}]}}