{"id": "428db321-5ebb-4e86-a3df-32c63b6d3c83", "type": "dataset", "attributes": {"name": "GLAD alerts summary stats grouped by year, week, iso, adm1 and adm2", "slug": "GLAD-alerts-summary-stats-grouped-by-year-week-iso-adm1-and-adm2", "type": null, "subtitle": null, "application": ["gfw"], "dataPath": null, "attributesPath": null, "connectorType": "document", "provider": "csv", "userId": "57a9d92029309063404573a1", "connectorUrl": "http://gfw2-data.s3.amazonaws.com/country-pages/umd_landsat_alerts_adm2_prod.csv", "tableName": "index_428db3215ebb4e86a3df32c63b6d3c83_1546071425420", "status": "saved", "published": true, "overwrite": true, "verified": false, "blockchain": {}, "mainDateField": null, "env": "production", "geoInfo": false, "protected": true, "legend": {"date": [], "region": [], "country": [], "nested": []}, "clonedHost": {}, "errorMessage": "", "taskId": "/v1/doc-importer/task/f948de8e-0d07-4e73-8946-7dd10043b3e1", "updatedAt": "2019-06-21T06:05:28.803Z", "dataLastUpdated": null, "metadata": [], "widget": [], "layer": [], "widgetRelevantProps": [], "layerRelevantProps": [], "vocabulary": [{"id": "428db321-5ebb-4e86-a3df-32c63b6d3c83", "type": "vocabulary", "attributes": {"resource": {"id": "428db321-5ebb-4e86-a3df-32c63b6d3c83", "type": "dataset"}, "tags": ["forestChange", "deforestationAlerts"], "name": "categoryTab", "application": "gfw"}}]}}