{"id": "461e6f3f-c03c-40b2-8a40-47d1354c93bf", "type": "dataset", "attributes": {"name": "Deforestation alerts (Terra-i)", "slug": "Terra-i-Alerts", "type": "raster", "subtitle": null, "application": ["gfw"], "dataPath": null, "attributesPath": null, "connectorType": "wms", "provider": "wms", "userId": "59db4eace9c1380001d6e4c3", "connectorUrl": "https://wri-tiles.s3.amazonaws.com/terrai_prod/tiles/{z}/{x}/{y}.png", "tableName": null, "status": "saved", "published": true, "overwrite": false, "verified": false, "blockchain": {}, "mainDateField": null, "env": "production", "geoInfo": false, "protected": true, "legend": {"date": [], "region": [], "country": [], "nested": []}, "clonedHost": {}, "errorMessage": null, "taskId": null, "updatedAt": "2019-06-10T17:33:31.981Z", "dataLastUpdated": null, "widget": [], "widgetRelevantProps": [], "layerRelevantProps": [], "layer": [{"id": "790b46ce-715a-4173-8f2c-53980073acb6", "type": "layer", "attributes": {"name": "Deforestation alerts (Terra-i)", "slug": "Terra-i-Alerts", "dataset": "461e6f3f-c03c-40b2-8a40-47d1354c93bf", "description": "Detects areas where tree cover loss is likely to have recently occurred.", "application": ["gfw"], "iso": [], "provider": "leaflet", "userId": "59db4eace9c1380001d6e4c3", "default": false, "protected": true, "published": true, "env": "production", "layerConfig": {"body": {"maxzoom": 10, "minzoom": 2, "options": {"color": [220, 102, 153]}, "url": "https://wri-tiles.s3.amazonaws.com/terrai_prod/tiles/{z}/{x}/{y}.png"}, "decode_config": [{"default": "2004-01-01", "key": "startDate", "required": true}, {"key": "endDate", "required": true, "url": "http://production-api.globalforestwatch.org/v1/terrai-alerts/latest"}], "params_config": [{"default": 10, "key": "dataMaxZoom", "required": true}], "service": "leaflet", "timeline_config": {"dateFormat": "YYYY-MM-DD", "interval": "months", "speed": 250, "step": 1}, "type": "tileLayer"}, "legendConfig": {"type": "basic", "items": [{"color": "#F69", "name": "Terra-i alerts"}, {"color": "#e4c600", "name": "Recent alerts"}]}, "interactionConfig": {}, "applicationConfig": {"active": true, "analysisConfig": [{"key": "value", "service": "terrai-alerts", "type": "geostore", "unit": "ha"}, {"key": "value", "service": "terrai-alerts", "type": "admin", "unit": "ha"}], "default": true, "global": true, "metadata": "terra_i_alerts", "subscriptionKey": "terrai-alerts"}, "staticImageConfig": {}, "updatedAt": "2019-06-10T18:34:08.638Z"}}, {"id": "b96c688b-09e8-4203-a012-9068aa3ace30", "type": "layer", "attributes": {"name": "Geographic coverage", "slug": "Geographic-Coverage_4", "dataset": "461e6f3f-c03c-40b2-8a40-47d1354c93bf", "description": "Geographic Coverage for Terra-i Alerts layer.", "application": ["gfw"], "iso": [], "provider": "cartodb", "userId": "59db4eace9c1380001d6e4c3", "default": false, "protected": true, "published": true, "env": "production", "layerConfig": {"account": "wri-01", "body": {"layers": [{"options": {"cartocss": "#terrai_coverage{ polygon-fill: #f69; polygon-opacity: 0.3; line-width: 1; line-color: #FFF; line-opacity: 0; }", "cartocss_version": "2.3.0", "sql": "SELECT * FROM forma_coverage"}, "type": "cartodb"}], "maxzoom": 19, "minzoom": 2, "vectorLayers": [{"paint": {"fill-color": "#f69", "fill-opacity": 0.3}, "source-layer": "layer0", "type": "fill"}, {"paint": {"line-color": "#FFF", "line-opacity": 0, "line-width": 1}, "source-layer": "layer0", "type": "line"}]}}, "legendConfig": {"type": "basic", "items": [{"color": "#f69", "name": "Geographic coverage"}]}, "interactionConfig": {}, "applicationConfig": {"default": false, "active": true, "global": true}, "staticImageConfig": {}, "updatedAt": "2019-03-11T14:12:08.936Z"}}, {"id": "8d246e84-737b-435d-abb7-d85f5d29a1ce", "type": "layer", "attributes": {"name": "Deforestation alerts (Terra-i)", "slug": "Terra-i-alerts", "dataset": "461e6f3f-c03c-40b2-8a40-47d1354c93bf", "description": "Detects areas where tree cover loss is likely to have recently occurred.", "application": ["gfw", "forest-atlas"], "iso": [], "provider": "leaflet", "userId": "58750a56dfc643722bdd02ab", "default": false, "protected": true, "published": true, "env": "production", "layerConfig": {"body": {"maxzoom": 10, "minzoom": 2, "options": {"mapBuilderConfig": {"sublabel": {"ka": "(\u10e7\u10dd\u10d5\u10d4\u10da\u10d7\u10d5\u10d8\u10e3\u10e0\u10d8, 250\u10db, \u10da\u10d0\u10d7\u10d8\u10dc\u10e3\u10e0\u10d8 \u10d0\u10db\u10d4\u10e0\u10d8\u10d9\u10d0, CIAT)", "zh": "(monthly, 250m, Latin America, CIAT)", "id": "(monthly, 250m, Latin America, CIAT)", "pt": "(Mensal, 250m, Latin America, CIAT)", "es": "(mensual, 250m, Latin America, CIAT)", "fr": "(mensuel, 250m, Am\u00e9rique Latine, CIAT)", "en": "(monthly, 250m, Latin America, CIAT)"}, "label": {"ka": "Terra-I \u10e8\u10d4\u10e2\u10e7\u10dd\u10d1\u10d8\u10dc\u10d4\u10d1\u10d4\u10d1\u10d8", "zh": "Terra-I Alerts", "id": "Terra-I Alerts", "pt": "Alertas Terra-I", "es": "Alertas Terra-I", "fr": "Alertes Terra-I", "en": "Terra-I Alerts"}, "imageServer": "https://gis-gfw.wri.org/arcgis/rest/services/image_services/terrai_analysis/ImageServer", "maxDateValue": 20000, "minDateValue": 4000, "maxZoom": 10, "legendLayer": [13], "technicalName": "terra_i_alerts", "url": "https://wri-tiles.s3.amazonaws.com/terrai_prod/tiles/{z}/{x}/{y}.png", "type": "terra", "id": "TERRA_I_ALERTS"}, "color": [220, 102, 153]}, "url": "https://wri-tiles.s3.amazonaws.com/terrai_prod/tiles/{z}/{x}/{y}.png", "metadata": "https://production-api.globalforestwatch.org/v1/gfw-metadata/terra_i_alerts"}, "decode_config": [{"default": "2004-01-01", "key": "startDate", "required": true}, {"key": "endDate", "required": true, "url": "http://production-api.globalforestwatch.org/v1/terrai-alerts/latest"}], "params_config": [{"default": 10, "key": "dataMaxZoom", "required": true}], "service": "leaflet", "timeline_config": {"dateFormat": "YYYY-MM-DD", "interval": "months", "speed": 250, "step": 1}, "type": "tileLayer"}, "legendConfig": {"name": {"ka": "Terra-I \u10e8\u10d4\u10e2\u10e7\u10dd\u10d1\u10d8\u10dc\u10d4\u10d1\u10d4\u10d1\u10d8", "zh": "Terra-I Alerts", "id": "Terra-I Alerts", "pt": "Alertas Terra-I", "es": "Alertas Terra-I", "fr": "Alertes Terra-I", "en": "Terra-I Alerts"}, "type": "basic", "items": [{"outlineColor": "#555555", "color": "#DC6699", "name": {"ka": "Terra-I \u10e8\u10d4\u10e2\u10e7\u10dd\u10d1\u10d8\u10dc\u10d4\u10d1\u10d4\u10d1\u10d8", "zh": "Terra-I Alerts", "id": "Terra-I Alerts", "pt": "Alertas Terra-I", "es": "Alertas Terra-I", "fr": "Alertes Terra-I", "en": "Terra-I Alerts"}}, {"outlineColor": "#555555", "color": "#e4c600", "name": {"ka": "Recent alerts", "zh": "Recent alerts", "id": "Recent alerts", "pt": "Recent alerts", "es": "Recent alerts", "fr": "Recent alerts", "en": "Recent alerts"}}]}, "interactionConfig": {}, "applicationConfig": {"active": true, "analysisConfig": [{"key": "value", "service": "terrai-alerts", "type": "geostore", "unit": "ha"}, {"key": "value", "service": "terrai-alerts", "type": "admin", "unit": "ha"}], "default": true, "global": true, "metadata": "terra_i_alerts", "subscriptionKey": "terrai-alerts"}, "staticImageConfig": {}, "updatedAt": "2019-06-10T17:58:03.704Z"}}], "metadata": [{"id": "5b6b0d111515d60013cee3f6", "type": "metadata", "attributes": {"dataset": "461e6f3f-c03c-40b2-8a40-47d1354c93bf", "application": "gfw", "resource": {"id": "461e6f3f-c03c-40b2-8a40-47d1354c93bf", "type": "dataset"}, "language": "en", "info": {"citation": "monthly, 250m, tropics, CIAT", "color": "#DA6899", "description": "Detects areas where tree cover loss is likely to have recently occurred.", "isMultiLayer": true, "name": "Deforestation alerts (Terra-i)"}, "createdAt": "2018-08-08T15:32:33.820Z", "updatedAt": "2019-06-10T17:35:08.245Z", "status": "published"}}], "vocabulary": [{"id": "461e6f3f-c03c-40b2-8a40-47d1354c93bf", "type": "vocabulary", "attributes": {"resource": {"id": "461e6f3f-c03c-40b2-8a40-47d1354c93bf", "type": "dataset"}, "tags": ["forestChange", "deforestationAlerts"], "name": "categoryTab", "application": "gfw"}}]}}