{"id": "60db4603-84fd-487b-b0b8-2db9e13df0f5", "type": "dataset", "attributes": {"name": "Mongabay Stories", "slug": "Mongabay-Stories", "type": null, "subtitle": null, "application": ["gfw"], "dataPath": null, "attributesPath": null, "connectorType": "rest", "provider": "cartodb", "userId": "59db4eace9c1380001d6e4c3", "connectorUrl": "https://wri-01.carto.com/tables/mongabay", "tableName": "mongabay", "status": "saved", "published": true, "overwrite": false, "verified": false, "blockchain": {}, "mainDateField": null, "env": "production", "geoInfo": false, "protected": true, "legend": {"date": [], "region": [], "country": [], "nested": []}, "clonedHost": {}, "errorMessage": "", "taskId": null, "updatedAt": "2018-11-21T14:04:15.869Z", "dataLastUpdated": null, "metadata": [], "widget": [], "layer": [], "widgetRelevantProps": [], "layerRelevantProps": [], "vocabulary": [{"id": "60db4603-84fd-487b-b0b8-2db9e13df0f5", "type": "vocabulary", "attributes": {"resource": {"id": "60db4603-84fd-487b-b0b8-2db9e13df0f5", "type": "dataset"}, "tags": ["stories"], "name": "categoryTab", "application": "gfw"}}]}}