{"id": "64632828-d5fa-4b94-be53-92b9e7b069a5", "type": "dataset", "attributes": {"name": "Test Data C Thomas", "slug": "Test-Data-C-Thomas", "type": null, "subtitle": null, "application": ["gfw"], "dataPath": null, "attributesPath": null, "connectorType": "document", "provider": "json", "userId": "58750a56dfc643722bdd02ab", "connectorUrl": "https://gfw-files.s3.amazonaws.com/2018_update/results/20190425/iso/C-iso-part-0000.json", "tableName": "index_64632828d5fa4b94be5392b9e7b069a5_1556314853291", "status": "saved", "published": true, "overwrite": true, "verified": false, "blockchain": {}, "mainDateField": null, "env": "production", "geoInfo": false, "protected": false, "legend": {"date": [], "region": [], "country": [], "nested": ["year_data"]}, "clonedHost": {}, "errorMessage": "", "taskId": "/v1/doc-importer/task/94aaeea1-06be-4b43-8702-ed830ff88559", "updatedAt": "2019-04-26T21:42:09.214Z", "dataLastUpdated": null, "metadata": [], "widget": [], "layer": [], "vocabulary": [], "widgetRelevantProps": [], "layerRelevantProps": []}}