{"id": "6556cbd3-1470-453f-8e69-d8adf4467e31", "type": "dataset", "attributes": {"name": "Logging-concessions", "slug": "Indonesia-logging-concessions", "type": null, "subtitle": null, "application": ["gfw"], "dataPath": null, "attributesPath": null, "connectorType": "rest", "provider": "cartodb", "userId": "57a0aa1071e394dd32ffe137", "connectorUrl": "https://wri-01.carto.com/tables/gfw_logging", "tableName": "gfw_logging", "status": "failed", "published": false, "overwrite": false, "verified": false, "blockchain": {}, "mainDateField": null, "env": "production", "geoInfo": false, "protected": false, "legend": {"date": [], "region": [], "country": [], "nested": []}, "clonedHost": {}, "errorMessage": "Error - Error obtaining fields", "taskId": null, "updatedAt": "2019-04-11T13:56:03.651Z", "dataLastUpdated": null, "widget": [], "widgetRelevantProps": [], "layerRelevantProps": [], "layer": [{"id": "364c5453-b0e2-4de2-97fd-64e515f935e4", "type": "layer", "attributes": {"name": "Logging concessions - 2018", "slug": "Indonesia-logging-concessions", "dataset": "6556cbd3-1470-453f-8e69-d8adf4467e31", "description": "Shows the distribution of logging concessions.", "application": ["gfw"], "iso": ["GNQ", "CAN", "MYS", "COD", "CAF", "LBR", "CMR", "IDN", "GAB", "COG"], "provider": "cartodb", "userId": "57a0aa1071e394dd32ffe137", "default": false, "protected": false, "published": true, "env": "production", "layerConfig": {"account": "wri-01", "body": {"maxzoom": 19, "minzoom": 2, "layers": [{"type": "cartodb", "options": {"sql": "SELECT cartodb_id, the_geom_webmercator, name, area_ha FROM gfw_logging", "cartocss": "#mys_logging{ polygon-fill: #fecc5c; line-color: #B38E3B; line-clip: false; polygon-clip: false; }", "cartocss_version": "2.3.0"}}], "vectorLayers": [{"type": "fill", "source-layer": "layer0", "paint": {"fill-opacity": "transparent", "fill-color": "#fecc5c"}}, {"type": "line", "source-layer": "layer0", "paint": {"line-opacity": "transparent", "line-color": "#B38E3B", "line-width": 1}}]}}, "legendConfig": {"items": [{"name": "Logging concessions", "color": "#fecc5c"}], "type": "basic"}, "interactionConfig": {"output": [{"type": "string", "property": "Name", "column": "name"}, {"format": "0a", "type": "number", "property": "Area", "column": "area_ha", "suffix": "Ha"}, {"hidden": true, "type": "number", "property": "cartodb_id", "column": "cartodb_id"}, {"hidden": true, "type": "json", "property": "the_geom", "format": "json", "column": "the_geom_webmercator"}], "type": "intersection"}, "applicationConfig": {"active": true, "analysisEndpoint": "use", "default": true, "global": true, "metadata": "gfw_logging"}, "staticImageConfig": {}, "updatedAt": "2019-03-08T13:20:12.570Z"}}], "metadata": [{"id": "5c37089ce1844800106b2d05", "type": "metadata", "attributes": {"dataset": "6556cbd3-1470-453f-8e69-d8adf4467e31", "application": "gfw", "resource": {"id": "6556cbd3-1470-453f-8e69-d8adf4467e31", "type": "dataset"}, "language": "en", "info": {"name": "Logging concessions", "description": "Provides the boundaries of logging          concessions for the selective logging of natural forests.", "citation": "select countries", "color": "#12724C"}, "createdAt": "2019-01-10T08:55:56.218Z", "updatedAt": "2019-01-29T12:49:34.338Z", "status": "published"}}], "vocabulary": [{"id": "6556cbd3-1470-453f-8e69-d8adf4467e31", "type": "vocabulary", "attributes": {"resource": {"id": "6556cbd3-1470-453f-8e69-d8adf4467e31", "type": "dataset"}, "tags": ["landUse", "concessions"], "name": "categoryTab", "application": "gfw"}}]}}