{"id": "759de49c-a599-4369-821a-8d27350b0393", "type": "dataset", "attributes": {"name": "Malaysia Peat Lands", "slug": "Malaysia-Peat-Lands", "type": null, "subtitle": null, "application": ["gfw"], "dataPath": null, "attributesPath": null, "connectorType": "rest", "provider": "cartodb", "userId": "59db4eace9c1380001d6e4c3", "connectorUrl": "https://wri-01.carto.com/tables/mys_peat_lands", "tableName": "mys_peat_lands", "status": "saved", "published": true, "overwrite": false, "verified": false, "blockchain": {}, "mainDateField": null, "env": "production", "geoInfo": false, "protected": true, "legend": {"date": [], "region": [], "country": [], "nested": []}, "clonedHost": {}, "errorMessage": "", "taskId": null, "updatedAt": "2018-11-21T14:02:48.628Z", "dataLastUpdated": null, "widget": [], "widgetRelevantProps": [], "layerRelevantProps": [], "layer": [{"id": "ee1c56cb-6418-4029-8d0b-1b3ae96607fe", "type": "layer", "attributes": {"name": "Malaysia peat lands - 2004", "slug": "Malaysia-Peat-Lands", "dataset": "759de49c-a599-4369-821a-8d27350b0393", "description": "Displays peat land in Malaysia.", "application": ["gfw"], "iso": ["MYS"], "provider": "cartodb", "userId": "59db4eace9c1380001d6e4c3", "default": false, "protected": true, "published": true, "env": "production", "layerConfig": {"body": {"layers": [{"options": {"cartocss_version": "2.3.0", "cartocss": "#mys_peat_lands{ polygon-opacity: 0.7; line-color: #FFF; line-width: 0; line-opacity: 1; polygon-fill: #253494; }", "sql": "SELECT layer_revi as name, cartodb_id, the_geom_webmercator FROM mys_peat_lands"}, "type": "cartodb"}], "minzoom": 2, "maxzoom": 19, "vectorLayers": [{"type": "fill", "source-layer": "layer0", "paint": {"fill-opacity": 0.7, "fill-color": "#253494"}}, {"type": "line", "source-layer": "layer0", "paint": {"line-opacity": 1, "line-color": "#FFF", "line-width": 0}}]}, "account": "wri-01"}, "legendConfig": {"type": "basic", "items": [{"color": "#253494", "name": "Malaysia peat lands"}]}, "interactionConfig": {"output": [{"column": "cartodb_id", "property": "cartodb_id", "type": "number", "hidden": true}], "type": "intersection"}, "applicationConfig": {"active": true, "default": true, "global": false, "metadata": "mys_peat_lands"}, "staticImageConfig": {}, "updatedAt": "2019-03-08T13:19:46.034Z"}}], "metadata": [{"id": "5b6455496ec14b00117e299e", "type": "metadata", "attributes": {"dataset": "759de49c-a599-4369-821a-8d27350b0393", "application": "gfw", "resource": {"id": "759de49c-a599-4369-821a-8d27350b0393", "type": "dataset"}, "language": "en", "info": {"name": "Malaysia peat lands", "color": "#a0c746"}, "createdAt": "2018-08-03T13:14:49.213Z", "updatedAt": "2018-11-06T15:57:59.287Z", "status": "published"}}], "vocabulary": [{"id": "759de49c-a599-4369-821a-8d27350b0393", "type": "vocabulary", "attributes": {"resource": {"id": "759de49c-a599-4369-821a-8d27350b0393", "type": "dataset"}, "tags": ["landCover"], "name": "categoryTab", "application": "gfw"}}]}}