{"id": "83f8365b-f40b-4b91-87d6-829425093da1", "type": "dataset", "attributes": {"name": "Tree Plantations", "slug": "Tree-Plantations", "type": null, "subtitle": null, "application": ["gfw"], "dataPath": null, "attributesPath": null, "connectorType": "rest", "provider": "cartodb", "userId": "59db4eace9c1380001d6e4c3", "connectorUrl": "https://wri-01.carto.com/tables/gfw_plantations", "tableName": "gfw_plantations", "status": "saved", "published": false, "overwrite": false, "verified": false, "blockchain": {}, "mainDateField": null, "env": "production", "geoInfo": false, "protected": true, "legend": {"date": [], "region": [], "country": [], "nested": []}, "clonedHost": {}, "errorMessage": "", "taskId": null, "updatedAt": "2019-04-05T10:49:34.650Z", "dataLastUpdated": null, "widget": [], "widgetRelevantProps": [], "layerRelevantProps": [], "layer": [{"id": "a7ccb4f5-0057-4078-907d-bcd8c280e08b", "type": "layer", "attributes": {"name": "Tree plantations by type - 2013-2014", "slug": "Plantations-by-Type", "dataset": "83f8365b-f40b-4b91-87d6-829425093da1", "description": "Tree Plantations by Type", "application": ["gfw"], "iso": ["BRA", "MYS", "LBR", "COL", "IDN", "KHM", "PER"], "provider": "cartodb", "userId": "59db4eace9c1380001d6e4c3", "default": true, "protected": true, "published": true, "env": "production", "layerConfig": {"account": "wri-01", "body": {"layers": [{"options": {"cartocss": "#gfw_plantations {   polygon-opacity: 0.7;   line-color: #FFF;   line-width: 0;   line-opacity: 1;} #gfw_plantations[type_text='Large industrial plantation'] {   polygon-fill: #F84F40;} #gfw_plantations[type_text='Mosaic of medium-sized plantations'] {   polygon-fill: #A53ED5;} #gfw_plantations[type_text='Mosaic of small-sized plantations'] {   polygon-fill: #33A02C;} #gfw_plantations[type_text='Clearing/ very young plantation'] { polygon-fill: #a7652a; }", "cartocss_version": "2.3.0", "sql": "SELECT the_geom_webmercator, cartodb_id, type_text, spec_simp, percent, round(area_ha::numeric,1) as area_ha FROM gfw_plantations {{where}}"}, "type": "cartodb"}], "maxzoom": 19, "minzoom": 2, "vectorLayers": [{"type": "fill", "source-layer": "layer0", "paint": {"fill-opacity": 0.7, "fill-color": null}}, {"type": "line", "source-layer": "layer0", "paint": {"line-opacity": 1, "line-color": "#FFF", "line-width": 0}}, {"type": "fill", "source-layer": "layer0", "filter": ["all", ["==", "type_text", "Large industrial plantation"]], "paint": {"fill-color": "#F84F40"}}, {"type": "fill", "source-layer": "layer0", "filter": ["all", ["==", "type_text", "Mosaic of medium-sized plantations"]], "paint": {"fill-color": "#A53ED5"}}, {"type": "fill", "source-layer": "layer0", "filter": ["all", ["==", "type_text", "Mosaic of small-sized plantations"]], "paint": {"fill-color": "#33A02C"}}, {"type": "fill", "source-layer": "layer0", "filter": ["all", ["==", "type_text", "Clearing/ very young plantation"]], "paint": {"fill-color": "#a7652a"}}]}, "params_config": [], "sql_config": [{"key_params": [{"required": false, "key": "iso"}], "key": "where"}]}, "legendConfig": {"items": [{"color": "#F84F40", "name": "Large industrial plantation"}, {"color": "#A53ED5", "name": "Mosaic of medium-sized plantations"}, {"color": "#33A02C", "name": "Mosaic of small-sized plantations"}, {"color": "#a7652a", "name": "Clearing / very young plantation"}], "type": "basic"}, "interactionConfig": {"output": [{"format": null, "type": "string", "property": "Type", "column": "type_text"}, {"format": "0a", "type": "number", "property": "Percent Plantation Coverage ", "column": "percent", "suffix": "%"}, {"format": null, "type": "string", "property": "Species", "column": "spec_simp"}, {"format": null, "type": "number", "property": "Area", "column": "area_ha", "suffix": "ha"}, {"column": "cartodb_id", "format": null, "property": "cartodb_id", "type": "number", "hidden": true}, {"column": "the_geom_webmercator", "format": "json", "property": "the_geom", "type": "json", "hidden": true}], "type": "intersection"}, "applicationConfig": {"active": false, "analysisEndpoint": "use", "default": true, "global": true, "menuPosition": 5, "metadata": "gfw_plantations", "name": "Tree plantations by type - 2013-2014", "selectorConfig": {"label": "Type", "position": 1, "sentence": "Displaying {name} by {selector}", "value": "byType"}}, "staticImageConfig": {}, "updatedAt": "2019-03-12T07:59:55.868Z"}}, {"id": "e0f7d731-f80a-49ec-840f-bcd40f092933", "type": "layer", "attributes": {"name": "Tree plantations by species - 2013-2014", "slug": "Plantations-by-Species", "dataset": "83f8365b-f40b-4b91-87d6-829425093da1", "description": "Tree Plantations by Species", "application": ["gfw"], "iso": ["BRA", "MYS", "LBR", "COL", "IDN", "KHM", "PER"], "provider": "cartodb", "userId": "59db4eace9c1380001d6e4c3", "default": true, "protected": true, "published": true, "env": "production", "layerConfig": {"account": "wri-01", "body": {"layers": [{"options": {"cartocss": "#gfw_plantations {   polygon-opacity: 0.5;   line-color: #FFF;   line-width: 0.5;   line-opacity: 0;   polygon-fill: transparent;} #gfw_plantations[spec_simp='Fruit'] {  polygon-fill: #b2b300;} #gfw_plantations[spec_simp='Fruit mix'] {  polygon-fill: #FF0;}#gfw_plantations[spec_simp='Hevea (rubber)'] {  polygon-fill: #00bdbd;} #gfw_plantations[spec_simp='Oil palm'] {  polygon-fill: #f44c43;} #gfw_plantations[spec_simp='Oil palm mix'] {  polygon-fill: #f7837d;}#gfw_plantations[spec_simp='Other'] {  polygon-fill: #9ECC49;}#gfw_plantations[spec_simp='Other mix'] {  polygon-fill: #c1df8b;}#gfw_plantations[spec_simp='Recently cleared'] {  polygon-fill: #A53ED5;}#gfw_plantations[spec_simp='Rubber'] {  polygon-fill: #11002F;}#gfw_plantations[spec_simp='Rubber mix'] {  polygon-fill: #0FF;}#gfw_plantations[spec_simp='Unknown'] {  polygon-fill: #b5b0b0;}#gfw_plantations[spec_simp='Wood fiber / timber'] {  polygon-fill: #0F3B82;}#gfw_plantations[spec_simp='Wood fiber / timber mix'] {  polygon-fill: #246ee6;}", "cartocss_version": "2.3.0", "sql": "SELECT the_geom_webmercator, cartodb_id, type_text, spec_simp, percent, round(area_ha::numeric,1) as area_ha FROM gfw_plantations {{where}}"}, "type": "cartodb"}], "maxzoom": 19, "minzoom": 2, "vectorLayers": [{"type": "fill", "source-layer": "layer0", "paint": {"fill-opacity": 0.5, "fill-color": "transparent"}}, {"type": "line", "source-layer": "layer0", "paint": {"line-opacity": "transparent", "line-color": "#FFF", "line-width": 0.5}}, {"type": "fill", "source-layer": "layer0", "filter": ["all", ["==", "spec_simp", "Fruit"]], "paint": {"fill-color": "#b2b300"}}, {"type": "fill", "source-layer": "layer0", "filter": ["all", ["==", "spec_simp", "Fruit mix"]], "paint": {"fill-color": "#FF0"}}, {"type": "fill", "source-layer": "layer0", "filter": ["all", ["==", "spec_simp", "Hevea (rubber)"]], "paint": {"fill-color": "#00bdbd"}}, {"type": "fill", "source-layer": "layer0", "filter": ["all", ["==", "spec_simp", "Oil palm"]], "paint": {"fill-color": "#f44c43"}}, {"type": "fill", "source-layer": "layer0", "filter": ["all", ["==", "spec_simp", "Oil palm mix"]], "paint": {"fill-color": "#f7837d"}}, {"type": "fill", "source-layer": "layer0", "filter": ["all", ["==", "spec_simp", "Other"]], "paint": {"fill-color": "#9ECC49"}}, {"type": "fill", "source-layer": "layer0", "filter": ["all", ["==", "spec_simp", "Other mix"]], "paint": {"fill-color": "#c1df8b"}}, {"type": "fill", "source-layer": "layer0", "filter": ["all", ["==", "spec_simp", "Recently cleared"]], "paint": {"fill-color": "#A53ED5"}}, {"type": "fill", "source-layer": "layer0", "filter": ["all", ["==", "spec_simp", "Rubber"]], "paint": {"fill-color": "#11002F"}}, {"type": "fill", "source-layer": "layer0", "filter": ["all", ["==", "spec_simp", "Rubber mix"]], "paint": {"fill-color": "#0FF"}}, {"type": "fill", "source-layer": "layer0", "filter": ["all", ["==", "spec_simp", "Unknown"]], "paint": {"fill-color": "#b5b0b0"}}, {"type": "fill", "source-layer": "layer0", "filter": ["all", ["==", "spec_simp", "Wood fiber / timber"]], "paint": {"fill-color": "#0F3B82"}}, {"type": "fill", "source-layer": "layer0", "filter": ["all", ["==", "spec_simp", "Wood fiber / timber mix"]], "paint": {"fill-color": "#246ee6"}}]}, "params_config": [], "sql_config": [{"key_params": [{"required": false, "key": "iso"}], "key": "where"}]}, "legendConfig": {"items": [{"color": "#f44c43", "name": "Oil palm"}, {"color": "#A53ED5", "name": "Wood fiber / timber"}, {"color": "#11002F", "name": "Rubber"}, {"color": "#b2b300", "name": "Fruit"}, {"color": "#9ECC49", "name": "Others"}, {"color": "#246ee6", "name": "Wood fiber / timber mix"}, {"color": "#f7837d", "name": "Oil palm mix"}, {"color": "#0FF", "name": "Rubber mix"}, {"color": "#FF0", "name": "Fruit mix"}, {"color": "#c1df8b", "name": "Other mix"}, {"color": "#b5b0b0", "name": "Unknown"}, {"color": "#A53ED5", "name": "Recently cleared"}], "type": "basic"}, "interactionConfig": {"output": [{"format": null, "type": "string", "property": "Type", "column": "type_text"}, {"format": "0a", "type": "number", "property": "Percent Plantation Coverage ", "column": "percent", "suffix": "%"}, {"format": null, "type": "string", "property": "Species", "column": "spec_simp"}, {"format": null, "type": "number", "property": "Area", "column": "area_ha", "suffix": "ha"}, {"column": "cartodb_id", "format": null, "property": "cartodb_id", "type": "number", "hidden": true}, {"column": "the_geom_webmercator", "format": "json", "property": "the_geom", "type": "json", "hidden": true}], "type": "intersection"}, "applicationConfig": {"active": false, "analysisEndpoint": "use", "default": false, "global": true, "metadata": "gfw_plantations", "name": "Tree plantations by species - 2013-2014", "selectorConfig": {"label": "Species", "position": 2, "value": "bySpecies"}}, "staticImageConfig": {}, "updatedAt": "2019-03-12T08:00:16.833Z"}}], "metadata": [{"id": "5b645541c96e1e0011f1e389", "type": "metadata", "attributes": {"dataset": "83f8365b-f40b-4b91-87d6-829425093da1", "application": "gfw", "resource": {"id": "83f8365b-f40b-4b91-87d6-829425093da1", "type": "dataset"}, "language": "en", "info": {"description": "Shows the coverage of plantations in select countries.", "name": "Tree plantations", "isSelectorLayer": true, "color": "#a0c746", "citation": "2013-2014, select countries"}, "createdAt": "2018-08-03T13:14:41.097Z", "updatedAt": "2018-11-06T15:57:50.683Z", "status": "published"}}], "vocabulary": [{"id": "83f8365b-f40b-4b91-87d6-829425093da1", "type": "vocabulary", "attributes": {"resource": {"id": "83f8365b-f40b-4b91-87d6-829425093da1", "type": "dataset"}, "tags": ["landCover"], "name": "categoryTab", "application": "gfw"}}]}}