{"id": "85f82851-e16e-4126-a630-93bb63d4ef42", "type": "dataset", "attributes": {"name": "Terra I alerts summarized by admin 1 boundary from GADM2.8", "slug": "Terra-I-alerts-summarized-by-admin-1-boundary-from-GADM28-1490086842463", "type": null, "subtitle": null, "application": ["gfw"], "dataPath": "data", "attributesPath": null, "connectorType": "document", "provider": "json", "userId": "57bc261cf098ce9800798768", "connectorUrl": "http://gfw2-data.s3.amazonaws.com/country-pages/terrai_gadm1_boundary.json", "tableName": "index_85f82851e16e4126a63093bb63d4ef42_1523880940650", "status": "saved", "published": true, "overwrite": true, "verified": false, "blockchain": {}, "mainDateField": null, "env": "production", "geoInfo": false, "protected": true, "legend": {"date": [], "region": [], "country": [], "nested": []}, "clonedHost": {}, "errorMessage": "", "taskId": "/v1/doc-importer/task/c0d1f7cb-2db9-4971-988b-6be6009b5a96", "updatedAt": "2018-11-21T13:54:57.141Z", "dataLastUpdated": null, "metadata": [], "layer": [], "widgetRelevantProps": [], "layerRelevantProps": [], "vocabulary": [{"id": "85f82851-e16e-4126-a630-93bb63d4ef42", "type": "vocabulary", "attributes": {"resource": {"id": "85f82851-e16e-4126-a630-93bb63d4ef42", "type": "dataset"}, "tags": ["forestChange"], "name": "categoryTab", "application": "gfw"}}], "widget": [{"id": null, "type": "widget", "attributes": {"id": "88af082d-0758-4024-b3a7-476e59fdb142", "type": "widget", "attributes": {"name": "[test] Terra widget", "dataset": "85f82851-e16e-4126-a630-93bb63d4ef42", "slug": "test-Terra-widget", "userId": "57e28e1da80b71481a81b6f2", "description": "Removable", "application": ["forest-atlas"], "verified": false, "default": false, "protected": false, "defaultEditableWidget": false, "published": false, "thumbnailUrl": "http://wri-api-backups.s3.amazonaws.com/resourcewatch/prod/thumbnails/88af082d-0758-4024-b3a7-476e59fdb142-1553797226704.png", "freeze": false, "env": "production", "widgetConfig": {"config": {"name": "default", "line": {"fillOpacity": 0, "stroke": "#97bd3d", "interpolate": "linear"}, "rect": {"fill": "#97bd3d", "cornerRadius": 3}, "symbol": {"stroke": "#fff", "fill": "#97bd3d"}, "mark": {"fill": "#97bd3d"}, "axisY": {"gridOpacity": 0.5, "gridColor": "#A9ABAD", "ticks": false, "grid": true, "tickOpacity": 0.5, "labelBaseline": "bottom", "labelAlign": "left", "domain": false}, "axisX": {"labelBaseline": "top", "labelAlign": "center", "domainColor": "#A9ABAD", "domainWidth": 1.2, "bandPosition": 0.5}, "axis": {"tickExtra": false, "tickOpacity": 0.5, "tickColor": "#A9ABAD", "tickSize": 8, "ticks": true, "labelPadding": 10, "labelColor": "#717171", "labelFont": "Lato", "labelFontSize": 13}, "range": {"ramp": {"scheme": "purples"}, "ordinal": {"scheme": "greens"}, "category20": ["#97bd3d", "#2C75B0", "#FAB72E", "#EF4848", "#3BB2D0", "#C32D7B", "#F577B9", "#5FD2B8", "#F1800F", "#9F1C00", "#A5E9E3", "#B9D765", "#393F44", "#CACCD0", "#717171"], "category": ["#3BB2D0", "#2C75B0", "#FAB72E", "#EF4848", "#65B60D", "#717171"], "dotSize": [20, 250]}}, "interaction_config": [{"config": {"fields": [{"format": ".2s", "type": "number", "property": "Adm2", "column": "y"}, {"format": "d", "type": "number", "property": "Year", "column": "x"}]}, "name": "tooltip"}], "marks": [{"encode": {"hover": {"opacity": {"value": 0.8}}, "update": {"y2": {"value": 0, "scale": "y"}, "y": {"field": "y", "scale": "y"}, "width": {"band": 1, "scale": "x"}, "x": {"field": "id", "scale": "x"}, "opacity": {"value": 1}}}, "from": {"data": "table"}, "type": "rect"}], "axes": [{"encode": {"labels": {"update": {"angle": {"signal": "width < 300 || data('table')[0].count > 10 ? -90 :0 "}, "baseline": {"signal": "width < 300 || data('table')[0].count > 10 ? 'middle' : 'top'"}, "align": {"signal": "width < 300 || data('table')[0].count > 10 ? 'right' : 'center'"}, "text": {"signal": "format(data('table')[datum.value - 1].x, 'd')"}}}}, "ticks": false, "labelOverlap": "parity", "scale": "x", "orient": "bottom"}, {"encode": {"labels": {"update": {"baseline": {"value": "bottom"}, "align": {"value": "right"}}}}, "format": "s", "labelOverlap": "parity", "scale": "y", "orient": "left"}], "scales": [{"domain": {"field": "id", "data": "table"}, "padding": 0.05, "range": "width", "type": "band", "name": "x"}, {"domain": {"field": "y", "data": "table"}, "zero": true, "nice": true, "range": "height", "type": "linear", "name": "y"}], "data": [{"format": {"property": "data", "type": "json"}, "url": "https://production-api.globalforestwatch.org/v1/query/85f82851-e16e-4126-a630-93bb63d4ef42?sql=SELECT year as x, adm2 as y FROM index_85f82851e16e4126a63093bb63d4ef42_1523880940650   ORDER BY adm2 desc LIMIT 50", "transform": [{"as": "id", "type": "identifier"}, {"as": ["count"], "type": "joinaggregate"}], "name": "table"}], "paramsConfig": {"layer": null, "band": null, "areaIntersection": null, "filters": [], "chartType": "bar", "aggregateFunction": null, "orderBy": null, "size": null, "color": null, "category": {"tableName": "index_85f82851e16e4126a63093bb63d4ef42_1523880940650", "datasetID": "85f82851-e16e-4126-a630-93bb63d4ef42", "type": "number", "name": "year"}, "value": {"tableName": "index_85f82851e16e4126a63093bb63d4ef42_1523880940650", "datasetID": "85f82851-e16e-4126-a630-93bb63d4ef42", "type": "number", "name": "adm2"}, "limit": 50, "visualizationType": "chart"}}, "template": false, "createdAt": "2019-03-28T18:20:26.635Z", "updatedAt": "2019-03-28T18:20:26.635Z"}}}]}}