{"id": "86863b72-bf1e-47db-8e7e-007cf3d00291", "type": "dataset", "attributes": {"name": "Terrestrial Ecoregions", "slug": "Terrestrial-Ecoregions_1", "type": null, "subtitle": null, "application": ["gfw"], "dataPath": null, "attributesPath": null, "connectorType": "rest", "provider": "cartodb", "userId": "57a0aa1071e394dd32ffe137", "connectorUrl": "https://wri-01.carto.com/tables/wwf_terr_ecos_orn/public", "tableName": "wwf_terr_ecos_orn", "status": "saved", "published": true, "overwrite": false, "verified": false, "blockchain": {}, "mainDateField": null, "env": "production", "geoInfo": false, "protected": true, "legend": {"date": [], "region": [], "country": [], "nested": []}, "clonedHost": {}, "errorMessage": "", "taskId": null, "updatedAt": "2018-11-21T14:04:27.030Z", "dataLastUpdated": null, "widget": [], "vocabulary": [], "widgetRelevantProps": [], "layerRelevantProps": [], "layer": [{"id": "d5465679-fd73-4097-a17c-cec32426a899", "type": "layer", "attributes": {"name": "Terrestrial ecoregions", "slug": "Terrestrial-Ecoregions", "dataset": "86863b72-bf1e-47db-8e7e-007cf3d00291", "description": "A classification of terrestrial land into 14 major ecoregions or habitat types from 2008.", "application": ["gfw"], "iso": [], "provider": "cartodb", "userId": "57a0aa1071e394dd32ffe137", "default": true, "protected": true, "published": true, "env": "production", "layerConfig": {"account": "wri-01", "body": {"layers": [{"options": {"cartocss": "#ecoregion-bounds { line-simplify: 4.0; polygon-opacity: 0.0; line-color: #8b8b8b; line-width: 0.75; line-opacity: 1; [zoom >3]{line-simplify: 3.0;} [zoom > 5]{line-simplify: 2.0;} [zoom >7]{line-simplify: 1.0;} [zoom >9]{line-simplify: 0.0;} }", "cartocss_version": "2.3.0", "interactivity": ["cartodb_id", "eco_name"], "sql": "SELECT *, area_km2 * 1e4 AS area_m2 FROM wwf_terr_ecos_orn"}, "type": "mapnik"}], "maxzoom": 19, "minzoom": 2, "vectorLayers": [{"paint": {"line-color": "#8b8b8b", "line-width": 0.75}, "source-layer": "layer0", "type": "line"}, {"paint": {"fill-color": "transparent"}, "source-layer": "layer0", "type": "fill"}]}}, "legendConfig": {}, "interactionConfig": {"output": [{"column": "eco_name", "prefix": "", "property": "Ecoregion", "suffix": "", "type": "string"}, {"column": "eco_code", "prefix": "", "property": "Code", "suffix": "", "type": "string"}, {"column": "area_km2", "prefix": "", "property": "area_m2", "suffix": "m\u00b2", "format": "0a", "type": "number"}, {"column": "cartodb_id", "format": null, "hidden": true, "property": "cartodb_id", "type": "number"}, {"column": "the_geom_webmercator", "format": "json", "hidden": true, "property": "the_geom", "type": "json"}], "type": "gridjson"}, "applicationConfig": {"analysisEndpoint": "use"}, "staticImageConfig": {}, "updatedAt": "2019-03-08T14:18:47.941Z"}}], "metadata": [{"id": "5b8d54fe39da540011aec21f", "type": "metadata", "attributes": {"dataset": "86863b72-bf1e-47db-8e7e-007cf3d00291", "application": "gfw", "resource": {"id": "86863b72-bf1e-47db-8e7e-007cf3d00291", "type": "dataset"}, "language": "en", "info": {"color": "#081B47", "isBoundary": true, "name": "Terrestrial ecoregions"}, "createdAt": "2018-09-03T15:36:30.899Z", "updatedAt": "2018-11-06T15:58:07.266Z", "status": "published"}}]}}