{"id": "9333e015-6699-41e6-b0a6-d44222cadcaf", "type": "dataset", "attributes": {"name": "Cambodia Protected Areas", "slug": "Cambodia-Protected-Areas", "type": null, "subtitle": null, "application": ["gfw"], "dataPath": null, "attributesPath": null, "connectorType": "rest", "provider": "cartodb", "userId": "59db4eace9c1380001d6e4c3", "connectorUrl": "https://wri-01.carto.com/tables/khm_protected_areas", "tableName": "khm_protected_areas", "status": "saved", "published": true, "overwrite": false, "verified": false, "blockchain": {}, "mainDateField": null, "env": "production", "geoInfo": false, "protected": true, "legend": {"date": [], "region": [], "country": [], "nested": []}, "clonedHost": {}, "errorMessage": "", "taskId": null, "updatedAt": "2018-11-21T14:02:41.857Z", "dataLastUpdated": null, "widget": [], "widgetRelevantProps": [], "layerRelevantProps": [], "layer": [{"id": "7cb4c5ed-64c7-43ba-bd85-900a77aa0e6e", "type": "layer", "attributes": {"name": "Cambodia protected areas - 1993-2014", "slug": "Cambodia-Protected-Areas", "dataset": "9333e015-6699-41e6-b0a6-d44222cadcaf", "description": "This data shows the location of Protected Areas in Cambodia.", "application": ["gfw"], "iso": ["KHM"], "provider": "cartodb", "userId": "59db4eace9c1380001d6e4c3", "default": false, "protected": true, "published": true, "env": "production", "layerConfig": {"body": {"layers": [{"options": {"cartocss_version": "2.3.0", "cartocss": "#khm_protected_areas{ polygon-fill: #3182BD; polygon-opacity: 0.6; line-color: #FFF; line-width: 0.25; line-opacity: 1; }", "sql": "SELECT cartodb_id, the_geom_webmercator, name, to_number(size_ha,'999999999999') as area_ha, category, issuedate as date_create FROM khm_protected_areas"}, "type": "cartodb"}], "minzoom": 2, "maxzoom": 19, "vectorLayers": [{"type": "fill", "source-layer": "layer0", "paint": {"fill-opacity": 0.6, "fill-color": "#3182BD"}}, {"type": "line", "source-layer": "layer0", "paint": {"line-opacity": 1, "line-color": "#FFF", "line-width": 0.25}}]}, "account": "wri-01"}, "legendConfig": {"type": "basic", "items": [{"color": "#3182BD", "name": "Cambodia protected areas"}]}, "interactionConfig": {}, "applicationConfig": {"default": true, "active": true, "global": false, "metadata": "khm_protected_areas"}, "staticImageConfig": {}, "updatedAt": "2019-03-08T13:19:43.404Z"}}], "metadata": [{"id": "5b645547c96e1e0011f1e38f", "type": "metadata", "attributes": {"dataset": "9333e015-6699-41e6-b0a6-d44222cadcaf", "application": "gfw", "resource": {"id": "9333e015-6699-41e6-b0a6-d44222cadcaf", "type": "dataset"}, "language": "en", "info": {"name": "Cambodia protected areas", "color": "#A878F3", "description": "This data shows the location of Protected Areas in Cambodia.", "citation": ""}, "createdAt": "2018-08-03T13:14:47.723Z", "updatedAt": "2018-11-06T15:57:57.255Z", "status": "published"}}], "vocabulary": [{"id": "9333e015-6699-41e6-b0a6-d44222cadcaf", "type": "vocabulary", "attributes": {"resource": {"id": "9333e015-6699-41e6-b0a6-d44222cadcaf", "type": "dataset"}, "tags": ["landUse", "conservation"], "name": "categoryTab", "application": "gfw"}}]}}