{"id": "93e67a77-1a31-4d04-a75d-86a4d6e35d54", "type": "dataset", "attributes": {"name": "Wood fiber concessions - depricated", "slug": "Wood-Fiber", "type": null, "subtitle": null, "application": ["gfw"], "dataPath": null, "attributesPath": null, "connectorType": "rest", "provider": "cartodb", "userId": "59db4eace9c1380001d6e4c3", "connectorUrl": "https://wri-01.carto.com/tables/gfw_woodfiber_2019", "tableName": "gfw_woodfiber_2019", "status": "saved", "published": true, "overwrite": false, "verified": false, "blockchain": {}, "mainDateField": null, "env": "production", "geoInfo": false, "protected": true, "legend": {"date": [], "region": [], "country": [], "nested": []}, "clonedHost": {}, "errorMessage": "", "taskId": null, "updatedAt": "2019-06-10T21:00:39.816Z", "dataLastUpdated": null, "widget": [], "widgetRelevantProps": [], "layerRelevantProps": [], "layer": [{"id": "557dc2cf-0ba7-4410-813c-99d692725fe7", "type": "layer", "attributes": {"name": "Wood fiber concessions", "slug": "Wood-Fiber", "dataset": "93e67a77-1a31-4d04-a75d-86a4d6e35d54", "description": "Wood fiber plantations areas", "application": ["gfw"], "iso": ["IDN", "COG", "MYS"], "provider": "cartodb", "userId": "59db4eace9c1380001d6e4c3", "default": true, "protected": true, "published": true, "env": "production", "layerConfig": {"account": "wri-01", "body": {"layers": [{"options": {"cartocss": "#gov[source_typ=\"government\"] { polygon-fill: #026CC9; polygon-opacity: 0.7; }                       #priv[source_typ=\"private sector\"]{ polygon-fill: #4DDDD3; polygon-opacity: 0.7; }", "cartocss_version": "2.3.0", "sql": "SELECT * FROM gfw_woodfiber_2019"}, "type": "cartodb"}], "maxzoom": 19, "minzoom": 2, "vectorLayers": [{"type": "fill", "source-layer": "layer0", "paint": {"fill-opacity": "transparent", "fill-color": null}}, {"type": "line", "source-layer": "layer0", "paint": {"line-opacity": "transparent", "line-color": null, "line-width": 0}}, {"type": "fill", "source-layer": "layer0", "filter": ["all", ["==", "source_typ", "\"government\""]], "paint": {"fill-opactity": 0.7, "fill-color": "#026CC9"}}, {"type": "fill", "source-layer": "layer0", "filter": ["all", ["==", "source_typ", "\"private sector\""]], "paint": {"fill-opactity": 0.7, "fill-color": "#4DDDD3"}}]}, "params_config": [], "sql_config": [{"key": "where", "key_params": [{"key": "country", "required": false}]}]}, "legendConfig": {"items": [{"color": "#026CC9", "name": "Government"}, {"color": "#4DDDD3", "name": "Private sector"}], "type": "basic"}, "interactionConfig": {"output": [{"column": "name", "format": null, "property": "Name", "type": "string"}, {"column": "group", "format": null, "property": "Group/Affiliation", "type": "string"}, {"column": "country", "format": null, "property": "Country", "type": "string"}, {"column": "provider", "format": null, "property": "Source", "type": "string"}, {"column": "type", "format": null, "property": "Type", "type": "string"}, {"column": "last_update", "format": null, "property": "Last update", "type": "string"}, {"column": "area_ha", "format": null, "property": "Area", "suffix": "ha", "type": "number"}, {"column": "cartodb_id", "format": null, "property": "cartodb_id", "type": "number", "hidden": true}, {"column": "the_geom_webmercator", "format": "json", "property": "the_geom", "type": "json", "hidden": true}], "type": "intersection"}, "applicationConfig": {"active": false, "analysisEndpoint": "use", "default": false, "global": true, "metadata": "gfw_wood_fiber"}, "staticImageConfig": {}, "updatedAt": "2019-06-10T20:52:22.268Z"}}, {"id": "f680828e-be68-4895-b1ed-1d0915d07457", "type": "layer", "attributes": {"name": "Wood fiber concessions by type - 2018", "slug": "Wood-fiber", "dataset": "93e67a77-1a31-4d04-a75d-86a4d6e35d54", "description": "Wood fiber plantation areas", "application": ["gfw"], "iso": ["IDN", "COG", "MYS"], "provider": "cartodb", "userId": "57a0aa1071e394dd32ffe137", "default": false, "protected": false, "published": true, "env": "production", "layerConfig": {"account": "wri-01", "body": {"layers": [{"options": {"cartocss": "#gov[source_typ=\"government\"] { polygon-fill: #8A2F1D; polygon-opacity: 0.7; }                       #priv[source_typ=\"private sector\"]{ polygon-fill: #EB5B31; polygon-opacity: 0.7; }", "cartocss_version": "2.3.0", "sql": "SELECT * FROM gfw_woodfiber_2019"}, "type": "cartodb"}], "maxzoom": 19, "minzoom": 2, "vectorLayers": [{"paint": {"fill-opacity": 0}, "source-layer": "layer0", "type": "fill"}, {"paint": {"line-opacity": "transparent", "line-width": 0}, "source-layer": "layer0", "type": "line"}, {"filter": ["all", ["==", "source_typ", "government"]], "paint": {"fill-color": "#8A2F1D", "fill-opacity": 0.7}, "source-layer": "layer0", "type": "fill"}, {"filter": ["all", ["==", "source_typ", "private sector"]], "paint": {"fill-color": "#EB5B31", "fill-opacity": 0.7}, "source-layer": "layer0", "type": "fill"}]}, "params_config": [], "sql_config": [{"key": "where", "key_params": [{"key": "country", "required": false}]}]}, "legendConfig": {"items": [{"color": "#8A2F1D", "name": "Government"}, {"color": "#EB5B31", "name": "Private sector"}], "type": "basic"}, "interactionConfig": {"type": "intersection", "output": [{"type": "string", "property": "Name", "format": null, "column": "name"}, {"type": "string", "property": "Group/Affiliation", "format": null, "column": "group_comp"}, {"type": "string", "property": "Country", "format": null, "column": "country"}, {"type": "string", "property": "Source", "format": null, "column": "source"}, {"type": "string", "property": "Type", "format": null, "column": "type"}, {"type": "string", "property": "Last update", "format": null, "column": "last_updat"}, {"type": "number", "suffix": "ha", "property": "Area", "format": null, "column": "area_ha"}, {"hidden": true, "type": "number", "property": "cartodb_id", "format": null, "column": "cartodb_id"}, {"hidden": false, "type": "string", "property": "Type", "format": null, "column": "source_typ"}, {"hidden": true, "type": "json", "property": "the_geom", "format": "json", "column": "the_geom_webmercator"}]}, "applicationConfig": {"active": true, "analysisEndpoint": "use", "default": true, "global": true, "metadata": "gfw_wood_fiber"}, "staticImageConfig": {}, "updatedAt": "2019-03-08T15:16:04.346Z"}}], "metadata": [{"id": "5b645543c96e1e0011f1e38a", "type": "metadata", "attributes": {"dataset": "93e67a77-1a31-4d04-a75d-86a4d6e35d54", "application": "gfw", "resource": {"id": "93e67a77-1a31-4d04-a75d-86a4d6e35d54", "type": "dataset"}, "language": "en", "info": {"citation": "select countries", "color": "#12724C", "description": "Displays boundaries of areas allocated by governments to private companies for tree plantations for production of timber and wood pulp for paper and paper products.", "more_info": "Displays boundaries of areas allocated by governments to private companies for tree plantations for production of timber and wood pulp for paper and paper products.", "name": "Wood fiber concessions"}, "createdAt": "2018-08-03T13:14:43.352Z", "updatedAt": "2019-06-10T20:53:37.943Z", "status": "published"}}], "vocabulary": [{"id": "93e67a77-1a31-4d04-a75d-86a4d6e35d54", "type": "vocabulary", "attributes": {"resource": {"id": "93e67a77-1a31-4d04-a75d-86a4d6e35d54", "type": "dataset"}, "tags": ["landUse", "concessions"], "name": "categoryTab", "application": "gfw"}}]}}