{"id": "94e0494e-f652-4ff8-8e4f-8ec0586c4b62", "type": "dataset", "attributes": {"name": "Honduras Forest Type", "slug": "Honduras-Forest-Type", "type": null, "subtitle": null, "application": ["gfw"], "dataPath": null, "attributesPath": null, "connectorType": "rest", "provider": "cartodb", "userId": "59db4eace9c1380001d6e4c3", "connectorUrl": "https://wri-01.carto.com/tables/hnd_forest_cover", "tableName": "hnd_forest_cover", "status": "saved", "published": true, "overwrite": false, "verified": false, "blockchain": {}, "mainDateField": null, "env": "production", "geoInfo": false, "protected": true, "legend": {"date": [], "region": [], "country": [], "nested": []}, "clonedHost": {}, "errorMessage": "", "taskId": null, "updatedAt": "2018-11-21T14:02:31.833Z", "dataLastUpdated": null, "widget": [], "widgetRelevantProps": [], "layerRelevantProps": [], "layer": [{"id": "07bfab49-d4a6-4ff3-bb97-43cc1b1152e1", "type": "layer", "attributes": {"name": "Honduras forest type - 2013", "slug": "Honduras-Forest-Type", "dataset": "94e0494e-f652-4ff8-8e4f-8ec0586c4b62", "description": "Identifies forest type and land cover in Honduras.", "application": ["gfw"], "iso": ["HND"], "provider": "cartodb", "userId": "59db4eace9c1380001d6e4c3", "default": true, "protected": true, "published": true, "env": "production", "layerConfig": {"account": "wri-01", "body": {"layers": [{"options": {"cartocss": "#hnd_forest_cover { polygon-opacity: 0.7; line-color: #FFF; line-width: 0; } #hnd_forest_cover[classname='Agricultura T\u00e9cnificada'] { polygon-fill: #FF66FF; } #hnd_forest_cover[classname='\u00c1rboles Dispersos Fuera de Bosque'] { polygon-fill: #003300; } #hnd_forest_cover[classname='\u00c1rea H\u00fameda Continental'] { polygon-fill: #00FFFF; } #hnd_forest_cover[classname='Arenales de Playa'] { polygon-fill: #FFFFFF; } #hnd_forest_cover[classname='Bosque de Con\u00edfera Denso'] { polygon-fill: #003300; } #hnd_forest_cover[classname='Bosque de Con\u00edfera Ralo'] { polygon-fill: #009900; } #hnd_forest_cover[classname='Bosque de Mangle Alto'] { polygon-fill: #9900FF; } #hnd_forest_cover[classname='Bosque de Mangle Bajo'] { polygon-fill: #CC00FF; } #hnd_forest_cover[classname='Bosque Latifoliado Deciduo'] { polygon-fill: #666633; } #hnd_forest_cover[classname='Bosque Latifoliado H\u00famedo'] { polygon-fill: #006600; } #hnd_forest_cover[classname='Bosque Latifoliado H\u00famedo Inundable'] { polygon-fill: #BD4C43; } #hnd_forest_cover[classname='Bosque Mixto'] { polygon-fill: #808000; } #hnd_forest_cover[classname='Cafetales'] { polygon-fill: #CC6600; } #hnd_forest_cover[classname='Camaroneras/ Salineras'] { polygon-fill: #000066; } #hnd_forest_cover[classname='Cuerpo de Agua Artificial'] { polygon-fill: #00CCFF; } #hnd_forest_cover[classname='Lagos y Lagunas Naturales'] { polygon-fill: #0000CC; } #hnd_forest_cover[classname='Otras Superficies de Agua'] { polygon-fill: #33669B; } #hnd_forest_cover[classname='Palma Africana'] { polygon-fill: #009999; } #hnd_forest_cover[classname='Pastos/ Cultivos'] { polygon-fill: #FFFF00; } #hnd_forest_cover[classname='Sabanas'] { polygon-fill: #FFFF99; } #hnd_forest_cover[classname='Suelo Desnudo Continental'] { polygon-fill: #6F6F6F; } #hnd_forest_cover[classname='Tique (Acoelorrhaphe wrightii)'] { polygon-fill: #990033; } #hnd_forest_cover[classname='Vegetaci\u00f3n Secundaria Decidua'] { polygon-fill: #D9D9D9; } #hnd_forest_cover[classname='Vegetaci\u00f3n Secundaria H\u00fameda'] { polygon-fill: #FF6600; } #hnd_forest_cover[classname='Zona Urbanizada Continua'] { polygon-fill: #F0300A; } #hnd_forest_cover[classname='Zona Urbanizada Discontinua'] { polygon-fill: #FD6E5F; } #hnd_forest_cover { polygon-fill: transparent; }", "cartocss_version": "2.3.0", "sql": "SELECT *, ST_Transform(ST_Buffer(the_geom,0.001), 3857) AS the_webmercator FROM hnd_forest_cover"}, "type": "cartodb"}], "maxzoom": 19, "minzoom": 2, "vectorLayers": [{"paint": {"fill-opacity": 0.7}, "source-layer": "layer0", "type": "fill"}, {"filter": ["all", ["==", "classname", "Agricultura T\u00e9cnificada"]], "paint": {"fill-color": "#FF66FF"}, "source-layer": "layer0", "type": "fill"}, {"filter": ["all", ["==", "classname", "\u00c1rboles Dispersos Fuera de Bosque"]], "paint": {"fill-color": "#003300"}, "source-layer": "layer0", "type": "fill"}, {"filter": ["all", ["==", "classname", "\u00c1rea H\u00fameda Continental"]], "paint": {"fill-color": "#00FFFF"}, "source-layer": "layer0", "type": "fill"}, {"filter": ["all", ["==", "classname", "Arenales de Playa"]], "paint": {"fill-color": "#FFFFFF"}, "source-layer": "layer0", "type": "fill"}, {"filter": ["all", ["==", "classname", "Bosque de Con\u00edfera Denso"]], "paint": {"fill-color": "#003300"}, "source-layer": "layer0", "type": "fill"}, {"filter": ["all", ["==", "classname", "Bosque de Con\u00edfera Ralo"]], "paint": {"fill-color": "#009900"}, "source-layer": "layer0", "type": "fill"}, {"filter": ["all", ["==", "classname", "Bosque de Mangle Alto"]], "paint": {"fill-color": "#9900FF"}, "source-layer": "layer0", "type": "fill"}, {"filter": ["all", ["==", "classname", "Bosque de Mangle Bajo"]], "paint": {"fill-color": "#CC00FF"}, "source-layer": "layer0", "type": "fill"}, {"filter": ["all", ["==", "classname", "Bosque Latifoliado Deciduo"]], "paint": {"fill-color": "#666633"}, "source-layer": "layer0", "type": "fill"}, {"filter": ["all", ["==", "classname", "Bosque Latifoliado H\u00famedo"]], "paint": {"fill-color": "#006600"}, "source-layer": "layer0", "type": "fill"}, {"filter": ["all", ["==", "classname", "Bosque Latifoliado H\u00famedo Inundable"]], "paint": {"fill-color": "#BD4C43"}, "source-layer": "layer0", "type": "fill"}, {"filter": ["all", ["==", "classname", "Bosque Mixto"]], "paint": {"fill-color": "#808000"}, "source-layer": "layer0", "type": "fill"}, {"filter": ["all", ["==", "classname", "Cafetales"]], "paint": {"fill-color": "#CC6600"}, "source-layer": "layer0", "type": "fill"}, {"filter": ["all", ["==", "classname", "Camaroneras/ Salineras"]], "paint": {"fill-color": "#000066"}, "source-layer": "layer0", "type": "fill"}, {"filter": ["all", ["==", "classname", "Cuerpo de Agua Artificial"]], "paint": {"fill-color": "#00CCFF"}, "source-layer": "layer0", "type": "fill"}, {"filter": ["all", ["==", "classname", "Lagos y Lagunas Naturales"]], "paint": {"fill-color": "#0000CC"}, "source-layer": "layer0", "type": "fill"}, {"filter": ["all", ["==", "classname", "Otras Superficies de Agua"]], "paint": {"fill-color": "#33669B"}, "source-layer": "layer0", "type": "fill"}, {"filter": ["all", ["==", "classname", "Palma Africana"]], "paint": {"fill-color": "#009999"}, "source-layer": "layer0", "type": "fill"}, {"filter": ["all", ["==", "classname", "Pastos/ Cultivos"]], "paint": {"fill-color": "#FFFF00"}, "source-layer": "layer0", "type": "fill"}, {"filter": ["all", ["==", "classname", "Sabanas"]], "paint": {"fill-color": "#FFFF99"}, "source-layer": "layer0", "type": "fill"}, {"filter": ["all", ["==", "classname", "Suelo Desnudo Continental"]], "paint": {"fill-color": "#6F6F6F"}, "source-layer": "layer0", "type": "fill"}, {"filter": ["all", ["==", "classname", "Tique (Acoelorrhaphe wrightii)"]], "paint": {"fill-color": "#990033"}, "source-layer": "layer0", "type": "fill"}, {"filter": ["all", ["==", "classname", "Vegetaci\u00f3n Secundaria Decidua"]], "paint": {"fill-color": "#D9D9D9"}, "source-layer": "layer0", "type": "fill"}, {"filter": ["all", ["==", "classname", "Vegetaci\u00f3n Secundaria H\u00fameda"]], "paint": {"fill-color": "#FF6600"}, "source-layer": "layer0", "type": "fill"}, {"filter": ["all", ["==", "classname", "Zona Urbanizada Continua"]], "paint": {"fill-color": "#F0300A"}, "source-layer": "layer0", "type": "fill"}, {"filter": ["all", ["==", "classname", "Zona Urbanizada Discontinua"]], "paint": {"fill-color": "#FD6E5F"}, "source-layer": "layer0", "type": "fill"}]}}, "legendConfig": {"items": [{"name": "Agricultura t\u00e9cnificada", "color": "#FF66FF"}, {"name": "\u00c1rboles dispersos fuera de bosque", "color": "#003300"}, {"name": "\u00c1rea h\u00fameda continental", "color": "#00FFFF"}, {"name": "Arenales de playa", "color": "#FFFFFF"}, {"name": "Bosque de con\u00edfera denso", "color": "#003300"}, {"name": "Bosque de con\u00edfera ralo", "color": "#009900"}, {"name": "Bosque de mangle alto", "color": "#9900FF"}, {"name": "Bosque de mangle bajo", "color": "#CC00FF"}, {"name": "Bosque latifoliado deciduo", "color": "#666633"}, {"name": "Bosque latifoliado h\u00famedo", "color": "#006600"}, {"name": "Bosque latifoliado h\u00famedo inundable", "color": "#BD4C43"}, {"name": "Bosque mixto", "color": "#808000"}, {"name": "Cafetales", "color": "#CC6600"}, {"name": "Camaroneras / salineras", "color": "#000066"}, {"name": "Cuerpo de agua artificial", "color": "#00CCFF"}, {"name": "Lagos y lagunas naturales", "color": "#0000CC"}, {"name": "Otras superficies de agua", "color": "#33669B"}, {"name": "Palma africana", "color": "#009999"}, {"name": "Pastos / cultivos", "color": "#FFFF00"}, {"name": "Sabanas", "color": "#FFFF99"}, {"name": "Suelo desnudo continental", "color": "#6F6F6F"}, {"name": "Tique (acoelorrhaphe wrightii)", "color": "#990033"}, {"name": "Vegetaci\u00f3n secundaria decidua", "color": "#D9D9D9"}, {"name": "Vegetaci\u00f3n secundaria h\u00fameda", "color": "#FF6600"}, {"name": "Zona urbanizada continua", "color": "#F0300A"}, {"name": "Zona urbanizada discontinua", "color": "#FD6E5F"}], "type": "basic"}, "interactionConfig": {}, "applicationConfig": {"default": true, "active": true, "global": false, "metadata": "hnd_forest_type"}, "staticImageConfig": {}, "updatedAt": "2019-03-08T15:39:36.735Z"}}], "metadata": [{"id": "5b645545b6baae001154d1a1", "type": "metadata", "attributes": {"dataset": "94e0494e-f652-4ff8-8e4f-8ec0586c4b62", "application": "gfw", "resource": {"id": "94e0494e-f652-4ff8-8e4f-8ec0586c4b62", "type": "dataset"}, "language": "en", "info": {"name": "Honduras forest type", "color": "#a0c746", "description": "Identifies forest type and land cover in Honduras.", "citation": "2013"}, "createdAt": "2018-08-03T13:14:45.131Z", "updatedAt": "2018-11-06T15:57:53.878Z", "status": "published"}}], "vocabulary": [{"id": "94e0494e-f652-4ff8-8e4f-8ec0586c4b62", "type": "vocabulary", "attributes": {"resource": {"id": "94e0494e-f652-4ff8-8e4f-8ec0586c4b62", "type": "dataset"}, "tags": ["landCover"], "name": "categoryTab", "application": "gfw"}}]}}