{"id": "9b26177b-1a28-4078-a4b9-8267ac4df669", "type": "dataset", "attributes": {"name": "Soil carbon density", "slug": "Soil-Organic-Carbon", "type": null, "subtitle": null, "application": ["gfw"], "dataPath": null, "attributesPath": null, "connectorType": "wms", "provider": "wms", "userId": "57a0aa1071e394dd32ffe137", "connectorUrl": "https://s3.amazonaws.com/wri-tiles/hwsd{/z}{/x}{/y}.png", "tableName": null, "status": "saved", "published": false, "overwrite": false, "verified": false, "blockchain": {}, "mainDateField": null, "env": "production", "geoInfo": false, "protected": true, "legend": {"date": [], "region": [], "country": [], "nested": []}, "clonedHost": {}, "errorMessage": null, "taskId": null, "updatedAt": "2019-06-11T20:40:24.522Z", "dataLastUpdated": null, "widget": [], "widgetRelevantProps": [], "layerRelevantProps": [], "layer": [{"id": "1c93c941-b94c-4c59-8fbe-12db4c0aaeaf", "type": "layer", "attributes": {"name": "Soil carbon density", "slug": "Soil-Organic-Carbon", "dataset": "9b26177b-1a28-4078-a4b9-8267ac4df669", "description": "Identifies organic carbon density in the topsoil (0-30 cm depth).", "application": ["gfw"], "iso": [], "provider": "leaflet", "userId": "57a0aa1071e394dd32ffe137", "default": false, "protected": true, "published": true, "env": "production", "layerConfig": {"body": {"maxzoom": 8, "minzoom": 2, "metadata": "soil_organic_carbon", "url": "https://s3.amazonaws.com/wri-tiles/hwsd/{z}/{x}/{y}.png"}, "decode_config": [], "params_config": [{"default": 8, "key": "dataMaxZoom", "required": true}], "service": "leaflet", "type": "tileLayer"}, "legendConfig": {"type": "basic", "unit": "Mg C Ha\u207b\u00b9", "items": [{"color": "#393728", "name": "0 - 20"}, {"color": "#665f41", "name": "21 - 65"}, {"color": "#96905C", "name": "66 - 160"}, {"color": "#C9C178", "name": "161 - 425"}, {"color": "#FFF595", "name": ">425"}]}, "interactionConfig": {}, "applicationConfig": {"active": true, "default": true, "global": true, "metadata": "soil_organic_carbon"}, "staticImageConfig": {}, "updatedAt": "2019-06-11T20:40:09.128Z"}}], "metadata": [{"id": "5b6b112c1515d60013cee3f7", "type": "metadata", "attributes": {"dataset": "9b26177b-1a28-4078-a4b9-8267ac4df669", "application": "gfw", "resource": {"id": "9b26177b-1a28-4078-a4b9-8267ac4df669", "type": "dataset"}, "language": "en", "info": {"citation": "FAO/IIASA/ISRIC/ISSCAS/JRC, 2012", "color": "#89552C", "description": "Identifies organic carbon density in the topsoil (0-30 cm depth).", "name": "Soil carbon density"}, "createdAt": "2018-08-08T15:50:04.634Z", "updatedAt": "2019-06-11T20:41:00.992Z", "status": "published"}}], "vocabulary": [{"id": "9b26177b-1a28-4078-a4b9-8267ac4df669", "type": "vocabulary", "attributes": {"resource": {"id": "9b26177b-1a28-4078-a4b9-8267ac4df669", "type": "dataset"}, "tags": ["climate", "carbonDensity"], "name": "categoryTab", "application": "gfw"}}]}}