{"id": "9c0dfd21-53dd-40a2-9239-6cf292bd80c0", "type": "dataset", "attributes": {"name": "ISO test data 2 Thomas", "slug": "ISO-test-data-2-Thomas", "type": null, "subtitle": null, "application": ["gfw"], "dataPath": null, "attributesPath": null, "connectorType": "document", "provider": "json", "userId": "58750a56dfc643722bdd02ab", "connectorUrl": "https://gfw-files.s3.amazonaws.com/2018_update/results/tcl2018_iso_summary_schema_reduced.json", "tableName": "index_9c0dfd2153dd40a292396cf292bd80c0_1556205154958", "status": "saved", "published": true, "overwrite": true, "verified": false, "blockchain": {}, "mainDateField": null, "env": "production", "geoInfo": false, "protected": false, "legend": {"date": [], "region": [], "country": [], "nested": ["year_data"]}, "clonedHost": {}, "errorMessage": "", "taskId": "/v1/doc-importer/task/3db0ec76-adb6-40ad-ba35-0a21e975824f", "updatedAt": "2019-04-25T15:13:14.871Z", "dataLastUpdated": null, "metadata": [], "widget": [], "layer": [], "vocabulary": [], "widgetRelevantProps": [], "layerRelevantProps": []}}