{"id": "a9cc6ec0-5c1c-4e36-9b26-b4ee0b50587b", "type": "dataset", "attributes": {"name": "Carbon dioxide emissions from tree cover loss", "slug": "Biomass-Loss", "type": "raster", "subtitle": null, "application": ["gfw"], "dataPath": null, "attributesPath": null, "connectorType": "wms", "provider": "wms", "userId": "59db4eace9c1380001d6e4c3", "connectorUrl": "https://storage.googleapis.com/wri-public/biomass/v3/{threshold}/{z}/{x}/{y}.png", "tableName": null, "status": "saved", "published": true, "overwrite": false, "verified": false, "blockchain": {}, "mainDateField": null, "env": "production", "geoInfo": false, "protected": true, "legend": {"date": [], "region": [], "country": [], "nested": []}, "clonedHost": {}, "errorMessage": null, "taskId": null, "updatedAt": "2019-06-11T20:13:42.654Z", "dataLastUpdated": null, "widget": [], "widgetRelevantProps": [], "layerRelevantProps": [], "layer": [{"id": "b32a2f15-25e8-4ecc-98e0-68782ab1c0fe", "type": "layer", "attributes": {"name": "Carbon dioxide emissions from tree cover loss", "slug": "Biomass-Loss", "dataset": "a9cc6ec0-5c1c-4e36-9b26-b4ee0b50587b", "description": "Shows carbon emissions associated with clearing of aboveground live woody biomass across the tropics.", "application": ["gfw"], "iso": [], "provider": "leaflet", "userId": "59db4eace9c1380001d6e4c3", "default": false, "protected": true, "published": true, "env": "production", "layerConfig": {"body": {"maxzoom": 12, "metadata": "tree_biomass_loss", "minzoom": 2, "url": "https://storage.googleapis.com/wri-public/biomass/2017/v1/{threshold}/{z}/{x}/{y}.png"}, "decode_config": [{"default": "2001-01-01", "key": "startDate", "required": true}, {"default": "2017-12-31", "key": "endDate", "required": true}], "params_config": [{"default": 12, "key": "dataMaxZoom", "required": true}, {"default": 30, "key": "threshold", "required": true}], "service": "leaflet", "timeline_config": {"timeline_config": {"dateFormat": "YYYY", "interval": "years", "speed": 250, "step": 1}}, "type": "tileLayer"}, "legendConfig": {"type": "gradient", "items": [{"value": "0", "color": "#ff1f26"}, {"name": "", "color": "#d21f26"}, {"name": "", "color": "#f19813"}, {"value": "917 tCO2 Ha\u207b\u00b9", "color": "#ffd00b"}]}, "interactionConfig": {}, "applicationConfig": {"active": true, "analysisConfig": [{"key": "biomassLossByYear", "service": "biomass-loss", "type": "geostore", "unit": "Mg Ha\u207b\u00b9", "version": "v2"}, {"key": "cLossByYear", "service": "biomass-loss", "type": "geostore", "unit": "Mg Ha\u207b\u00b9", "version": "v2"}, {"key": "co2LossByYear", "service": "biomass-loss", "type": "geostore", "unit": "Mg Ha\u207b\u00b9", "version": "v2"}, {"key": "biomassLossByYear", "service": "biomass-loss", "type": "admin", "unit": "Mg Ha\u207b\u00b9", "version": "v2"}, {"key": "cLossByYear", "service": "biomass-loss", "type": "admin", "unit": "Mg Ha\u207b\u00b9", "version": "v2"}, {"key": "co2LossByYear", "service": "biomass-loss", "type": "admin", "unit": "Mg Ha\u207b\u00b9", "version": "v2"}], "default": true, "global": true, "metadata": "tree_biomass_loss"}, "staticImageConfig": {}, "updatedAt": "2019-06-11T20:13:55.260Z"}}], "metadata": [{"id": "5b64554fb6baae001154d1b3", "type": "metadata", "attributes": {"dataset": "a9cc6ec0-5c1c-4e36-9b26-b4ee0b50587b", "application": "gfw", "resource": {"id": "a9cc6ec0-5c1c-4e36-9b26-b4ee0b50587b", "type": "dataset"}, "language": "en", "info": {"citation": "annual, 30m, tropics, Hansen/UMD/Zarin/WHRC/Google/USGS/NASA", "color": "#F0898A", "description": "Shows carbon emissions associated with clearing of aboveground live woody biomass across the tropics.", "name": "Carbon dioxide emissions from tree cover loss"}, "createdAt": "2018-08-03T13:14:55.125Z", "updatedAt": "2019-06-11T20:15:24.360Z", "status": "published"}}], "vocabulary": [{"id": "a9cc6ec0-5c1c-4e36-9b26-b4ee0b50587b", "type": "vocabulary", "attributes": {"resource": {"id": "a9cc6ec0-5c1c-4e36-9b26-b4ee0b50587b", "type": "dataset"}, "tags": ["climate", "carbonEmissions"], "name": "categoryTab", "application": "gfw"}}]}}