{"id": "b3b8ca9d-a071-4383-b898-d7f64573b51f", "type": "dataset", "attributes": {"name": "Mangrove biomass density", "slug": "Mangrove-Biomass-Density-2000", "type": null, "subtitle": null, "application": ["gfw"], "dataPath": null, "attributesPath": null, "connectorType": "rest", "provider": "gee", "userId": "59db4eace9c1380001d6e4c3", "connectorUrl": null, "tableName": "projects/wri-datalab/mangrove_aboveground_biomass_density_2005", "status": "saved", "published": true, "overwrite": false, "verified": false, "blockchain": {}, "mainDateField": null, "env": "production", "geoInfo": false, "protected": false, "legend": {"date": [], "region": [], "country": [], "nested": []}, "clonedHost": {}, "errorMessage": "", "taskId": null, "updatedAt": "2019-06-11T20:34:29.967Z", "dataLastUpdated": null, "widget": [], "widgetRelevantProps": [], "layerRelevantProps": [], "layer": [{"id": "3ef039ba-29c7-459d-aadd-66d6e6cc8f5e", "type": "layer", "attributes": {"name": "Mangrove biomass density", "slug": "Mangrove-Biomass-Density-2000", "dataset": "b3b8ca9d-a071-4383-b898-d7f64573b51f", "application": ["gfw"], "iso": [], "provider": "gee", "userId": "59db4eace9c1380001d6e4c3", "default": false, "protected": false, "published": true, "env": "production", "layerConfig": {"assetId": "projects/wri-datalab/mangrove_aboveground_biomass_density_2005", "body": {"maxzoom": 22, "minzoom": 2, "sldValue": "<RasterSymbolizer><ColorMap type=\"ramp\" extended=\"false\" ><ColorMapEntry color=\"#1c4640\" quantity=\"0\" opacity=\"0\" /><ColorMapEntry color=\"#1a5e53\" quantity=\"10\" /><ColorMapEntry color=\"#157c64\" quantity=\"20\" /><ColorMapEntry color=\"#1bab7d\" quantity=\"30\" /><ColorMapEntry color=\"#9ed45e\" quantity=\"100\"/></ColorMap></RasterSymbolizer>", "styleType": "sld"}, "isImageCollection": false, "params_config": [], "type": "tileLayer"}, "legendConfig": {"items": [{"color": "#1c4640", "value": "0"}, {"color": "#1a5e53", "value": "10"}, {"color": "#157c64", "value": "20"}, {"color": "#1bab7d", "value": "30"}, {"color": "#9ed45e", "value": "100 Mg Ha\u207b\u00b9"}], "type": "gradient", "unit": "Mg Ha\u207b\u00b9"}, "interactionConfig": {}, "applicationConfig": {"active": true, "default": true, "global": true, "metadata": "mangroves_2019"}, "staticImageConfig": {}, "updatedAt": "2019-06-11T20:36:06.441Z"}}], "metadata": [{"id": "5c94e7a8f3f9380012cb3859", "type": "metadata", "attributes": {"dataset": "b3b8ca9d-a071-4383-b898-d7f64573b51f", "application": "gfw", "resource": {"id": "b3b8ca9d-a071-4383-b898-d7f64573b51f", "type": "dataset"}, "language": "en", "info": {"citation": "30m, global-tropics, Simard et al. (2019)", "color": "#89552C", "description": "This dataset contains the aboveground biomass density of mangroves in global tropical regions.", "name": "Mangrove biomass density"}, "createdAt": "2019-03-22T13:48:24.771Z", "updatedAt": "2019-06-11T20:37:24.397Z", "status": "published"}}], "vocabulary": [{"id": "b3b8ca9d-a071-4383-b898-d7f64573b51f", "type": "vocabulary", "attributes": {"resource": {"id": "b3b8ca9d-a071-4383-b898-d7f64573b51f", "type": "dataset"}, "tags": ["climate", "carbonDensity"], "name": "categoryTab", "application": "gfw"}}]}}