{"id": "b70f070b-c9ae-4452-aa8e-2280a2604666", "type": "dataset", "attributes": {"name": "Major Dams", "slug": "Major-Dams", "type": null, "subtitle": null, "application": ["gfw"], "dataPath": null, "attributesPath": null, "connectorType": "rest", "provider": "cartodb", "userId": "59db4eace9c1380001d6e4c3", "connectorUrl": "https://wri-01.carto.com/tables/dam_hotspots", "tableName": "dam_hotspots", "status": "saved", "published": true, "overwrite": false, "verified": false, "blockchain": {}, "mainDateField": null, "env": "production", "geoInfo": false, "protected": true, "legend": {"date": [], "region": [], "country": [], "nested": []}, "clonedHost": {}, "errorMessage": "", "taskId": null, "updatedAt": "2018-11-21T14:02:27.354Z", "dataLastUpdated": null, "widget": [], "widgetRelevantProps": [], "layerRelevantProps": [], "layer": [{"id": "8b29d89b-f827-4fbf-8978-81290670be8f", "type": "layer", "attributes": {"name": "Major dams - 2014", "slug": "Major-Dams", "dataset": "b70f070b-c9ae-4452-aa8e-2280a2604666", "description": "Dam hotspots", "application": ["gfw"], "iso": [], "provider": "cartodb", "userId": "59db4eace9c1380001d6e4c3", "default": true, "protected": true, "published": true, "env": "production", "layerConfig": {"account": "wri-01", "body": {"layers": [{"options": {"cartocss": "#dam_hotspots { marker-fill-opacity: 0.9; marker-line-color: #FFF; marker-line-width: 0.5; marker-line-opacity: 1; marker-placement: point; marker-type: ellipse; marker-width: 4; marker-allow-overlap: true; [zoom > 5 ][zoom < 9]{ marker-width: 10; } [zoom > 8 ]{ marker-width: 20; } } #dam_hotspots[status='Operational'] { marker-fill: #F78300; } #dam_hotspots[status='Under Construction'] { marker-fill: #D5CB12; } #dam_hotspots[status='Planned'] { marker-fill: #1F78B4; } #dam_hotspots[status='Inventoried'] { marker-fill: #85AB63; } #dam_hotspots[status='Suspended'] { marker-fill: #E31A1C; } #dam_hotspots[status='Deactivated'] { marker-fill: #E31A1C; } #dam_hotspots[status='Reoptimization'] { marker-fill: #E31A1C; } #dam_hotspots[status='Revoked'] { marker-fill: #E31A1C; } #dam_hotspots[status='Unknown'] { marker-fill: #746969; } #dam_hotspots[status='NoData'] { marker-fill: #746969; } #dam_hotspots { marker-fill: #746969; }", "cartocss_version": "2.3.0", "sql": "SELECT cartodb_id, the_geom_webmercator, basin_name, project as project_name, capacity, rivers, status, campaign as project_ur FROM dam_hotspots"}, "type": "cartodb"}], "maxzoom": 19, "minzoom": 2, "vectorLayers": [{"paint": {"circle-color": "#FFF", "circle-opacity": 1}, "source-layer": "layer0", "type": "circle"}, {"filter": ["all", ["==", "status", "Operational"]], "paint": {"circle-color": "#F78300", "circle-radius": 2, "circle-stroke-color": "#FFF", "circle-stroke-opacity": 1, "circle-stroke-width": 0.5}, "source-layer": "layer0", "type": "circle"}, {"filter": ["all", ["==", "status", "Under Construction"]], "paint": {"circle-color": "#D5CB12", "circle-radius": 2, "circle-stroke-color": "#FFF", "circle-stroke-opacity": 1, "circle-stroke-width": 0.5}, "source-layer": "layer0", "type": "circle"}, {"filter": ["all", ["==", "status", "Planned"]], "paint": {"circle-color": "#1F78B4", "circle-radius": 2, "circle-stroke-color": "#FFF", "circle-stroke-opacity": 1, "circle-stroke-width": 0.5}, "source-layer": "layer0", "type": "circle"}, {"filter": ["all", ["==", "status", "Inventoried"]], "paint": {"circle-color": "#85AB63", "circle-radius": 2, "circle-stroke-color": "#FFF", "circle-stroke-opacity": 1, "circle-stroke-width": 0.5}, "source-layer": "layer0", "type": "circle"}, {"filter": ["all", ["==", "status", "Suspended"]], "paint": {"circle-color": "#E31A1C", "circle-radius": 2, "circle-stroke-color": "#FFF", "circle-stroke-opacity": 1, "circle-stroke-width": 0.5}, "source-layer": "layer0", "type": "circle"}, {"filter": ["all", ["==", "status", "Deactivated"]], "paint": {"circle-color": "#E31A1C", "circle-radius": 2, "circle-stroke-color": "#FFF", "circle-stroke-opacity": 1, "circle-stroke-width": 0.5}, "source-layer": "layer0", "type": "circle"}, {"filter": ["all", ["==", "status", "Reoptimization"]], "paint": {"circle-color": "#E31A1C", "circle-radius": 2, "circle-stroke-color": "#FFF", "circle-stroke-opacity": 1, "circle-stroke-width": 0.5}, "source-layer": "layer0", "type": "circle"}, {"filter": ["all", ["==", "status", "Revoked"]], "paint": {"circle-color": "#E31A1C", "circle-radius": 2, "circle-stroke-color": "#FFF", "circle-stroke-opacity": 1, "circle-stroke-width": 0.5}, "source-layer": "layer0", "type": "circle"}, {"filter": ["all", ["==", "status", "Unknown"]], "paint": {"circle-color": "#746969", "circle-radius": 2, "circle-stroke-color": "#FFF", "circle-stroke-opacity": 1, "circle-stroke-width": 0.5}, "source-layer": "layer0", "type": "circle"}, {"filter": ["all", ["==", "status", "NoData"]], "paint": {"circle-color": "#746969", "circle-radius": 2, "circle-stroke-color": "#FFF", "circle-stroke-opacity": 1, "circle-stroke-width": 0.5}, "source-layer": "layer0", "type": "circle"}]}, "params_config": [], "sql_config": []}, "legendConfig": {"items": [{"name": "Operational", "color": "#F78300"}, {"name": "Under construction", "color": "#D5CB12"}, {"name": "Planned", "color": "#1F78B4"}, {"name": "Inventoried", "color": "#85AB63"}, {"name": "Suspended", "color": "#E31A1C"}, {"name": "Unknown", "color": "#746969"}], "type": "basic"}, "interactionConfig": {"output": [{"format": null, "type": "string", "property": "Project", "column": "project_name"}, {"format": null, "type": "string", "property": "Status", "column": "status"}, {"format": null, "type": "string", "property": "Capacity", "column": "capacity", "suffix": "MW"}, {"format": null, "type": "string", "property": "Basin", "column": "basin_name"}, {"format": null, "type": "string", "property": "River", "column": "rivers"}, {"column": "cartodb_id", "format": null, "property": "cartodb_id", "type": "number", "hidden": true}, {"column": "the_geom_webmercator", "format": "json", "property": "the_geom", "type": "json", "hidden": true}], "type": "intersection"}, "applicationConfig": {"default": true, "active": true, "global": true, "metadata": "dam_hotspots", "analysisEndpoint": "use"}, "staticImageConfig": {}, "updatedAt": "2019-03-08T16:32:20.124Z"}}], "metadata": [{"id": "5b64554391b07b0012a534da", "type": "metadata", "attributes": {"dataset": "b70f070b-c9ae-4452-aa8e-2280a2604666", "application": "gfw", "resource": {"id": "b70f070b-c9ae-4452-aa8e-2280a2604666", "type": "dataset"}, "language": "en", "info": {"name": "Major dams", "color": "#c98e6c", "description": "Identifies dam locations for the world\u2019s 50 major river basins.", "citation": ""}, "createdAt": "2018-08-03T13:14:43.561Z", "updatedAt": "2018-11-06T15:57:52.369Z", "status": "published"}}], "vocabulary": [{"id": "b70f070b-c9ae-4452-aa8e-2280a2604666", "type": "vocabulary", "attributes": {"resource": {"id": "b70f070b-c9ae-4452-aa8e-2280a2604666", "type": "dataset"}, "tags": ["landUse", "infrastructure"], "name": "categoryTab", "application": "gfw"}}]}}