{"id": "bd5d7924-611e-4302-9185-8054acb0b44b", "type": "dataset", "attributes": {"name": "Global Mangrove Watch", "slug": "Global-Mangrove-Watch", "type": null, "subtitle": null, "application": ["gfw"], "dataPath": null, "attributesPath": null, "connectorType": "rest", "provider": "cartodb", "userId": "57a0aa1071e394dd32ffe137", "connectorUrl": "https://wri-01.carto.com/tables/mangroves_1996", "tableName": "mangroves_1996", "status": "saved", "published": true, "overwrite": false, "verified": false, "blockchain": {}, "mainDateField": null, "env": "production", "geoInfo": false, "protected": true, "legend": {"date": [], "region": [], "country": [], "nested": []}, "clonedHost": {}, "errorMessage": "", "taskId": null, "updatedAt": "2018-11-21T14:03:09.440Z", "dataLastUpdated": null, "widget": [], "widgetRelevantProps": [], "layerRelevantProps": [], "layer": [{"id": "49e3f955-2bab-4f73-8589-c9c039b8da29", "type": "layer", "attributes": {"name": "Mangrove forests - 1996", "slug": "Mangroves-1996", "dataset": "bd5d7924-611e-4302-9185-8054acb0b44b", "description": "This data set shows the global extent of mangrove forests", "application": ["gfw"], "iso": [], "provider": "cartodb", "userId": "57a0aa1071e394dd32ffe137", "default": false, "protected": true, "published": true, "env": "production", "layerConfig": {"body": {"metadata": "https://production-api.globalforestwatch.org/v1/gfw-metadata/global_mangroves_gmw", "layers": [{"options": {"cartocss_version": "2.3.0", "cartocss": "#mangroves_1996{polygon-fill: #05ffaa; polygon-opacity: 0.7;  line-color: #05ffaa;  line-width: 1;  line-opacity: 1; }", "sql": "SELECT * FROM mangroves_1996"}, "type": "cartodb"}], "minzoom": 2, "maxzoom": 19, "vectorLayers": [{"type": "fill", "source-layer": "layer0", "paint": {"fill-opacity": 0.7, "fill-color": "#05ffaa"}}, {"type": "line", "source-layer": "layer0", "paint": {"line-opacity": 1, "line-color": "#05ffaa", "line-width": 1}}]}, "account": "wri-01"}, "legendConfig": {"items": [{"color": "#05ffaa", "name": "Mangroves"}], "type": "basic"}, "interactionConfig": {}, "applicationConfig": {"active": true, "default": true, "global": true, "metadata": "global_mangroves_gmw", "menuPosition": 3, "multiConfig": {"group": "extent", "label": "Extent", "position": 1}, "selectorConfig": {"group": "extent", "groupSentence": "Mangrove {selector}", "label": "1996", "position": 1, "sentence": "During {selector}"}}, "staticImageConfig": {}, "updatedAt": "2019-03-08T13:19:54.618Z"}}, {"id": "2a7db8fd-c3f5-4f2b-a10d-a375e7dba2d8", "type": "layer", "attributes": {"name": "Mangrove forests - 2007", "slug": "Mangroves-2007", "dataset": "bd5d7924-611e-4302-9185-8054acb0b44b", "description": "This data set shows the global extent of mangrove forests", "application": ["gfw"], "iso": ["BRA", "IDN", "COD"], "provider": "cartodb", "userId": "57a0aa1071e394dd32ffe137", "default": false, "protected": true, "published": true, "env": "production", "layerConfig": {"body": {"layers": [{"options": {"cartocss_version": "2.3.0", "cartocss": "#mangroves_2007{polygon-fill: #05ffaa; polygon-opacity: 0.7;  line-color: #05ffaa;  line-width: 1;  line-opacity: 1; }", "sql": "SELECT * FROM mangroves_2007"}, "type": "cartodb"}], "minzoom": 2, "maxzoom": 19, "metadata": "https://production-api.globalforestwatch.org/v1/gfw-metadata/global_mangroves_gmw", "vectorLayers": [{"type": "fill", "source-layer": "layer0", "paint": {"fill-opacity": 0.7, "fill-color": "#05ffaa"}}, {"type": "line", "source-layer": "layer0", "paint": {"line-opacity": 1, "line-color": "#05ffaa", "line-width": 1}}]}, "sql_config": [], "params_config": [], "account": "wri-01"}, "legendConfig": {"items": [{"color": "#05ffaa", "name": "Mangroves"}], "type": "basic"}, "interactionConfig": {}, "applicationConfig": {"active": true, "default": false, "global": true, "metadata": "global_mangroves_gmw", "multiConfig": {"group": "extent", "label": "Extent", "position": 1}, "selectorConfig": {"group": "extent", "groupSentence": "Mangrove", "label": "2007", "position": 2}}, "staticImageConfig": {}, "updatedAt": "2019-03-08T13:19:54.924Z"}}, {"id": "1811af6f-30f4-4957-afab-382a817be27c", "type": "layer", "attributes": {"name": "Mangrove forests - 2008", "slug": "Mangroves-2008", "dataset": "bd5d7924-611e-4302-9185-8054acb0b44b", "description": "This data set shows the global extent of mangrove forests", "application": ["gfw"], "iso": [], "provider": "cartodb", "userId": "57a0aa1071e394dd32ffe137", "default": false, "protected": true, "published": true, "env": "production", "layerConfig": {"body": {"layers": [{"options": {"cartocss_version": "2.3.0", "cartocss": "#mangroves_2008{polygon-fill: #05ffaa; polygon-opacity: 0.7;  line-color: #05ffaa;  line-width: 1;  line-opacity: 1; }", "sql": "SELECT * FROM mangroves_2008"}, "type": "cartodb"}], "minzoom": 2, "maxzoom": 19, "metadata": "https://production-api.globalforestwatch.org/v1/gfw-metadata/global_mangroves_gmw", "vectorLayers": [{"type": "fill", "source-layer": "layer0", "paint": {"fill-opacity": 0.7, "fill-color": "#05ffaa"}}, {"type": "line", "source-layer": "layer0", "paint": {"line-opacity": 1, "line-color": "#05ffaa", "line-width": 1}}]}, "sql_config": [], "params_config": [], "account": "wri-01"}, "legendConfig": {"items": [{"color": "#05ffaa", "name": "Mangroves"}], "type": "basic"}, "interactionConfig": {}, "applicationConfig": {"active": true, "default": false, "global": true, "metadata": "global_mangroves_gmw", "multiConfig": {"group": "extent", "label": "Extent", "position": 1}, "selectorConfig": {"group": "extent", "groupSentence": "Mangrove", "label": "2008", "position": 3}}, "staticImageConfig": {}, "updatedAt": "2019-03-08T13:19:55.227Z"}}, {"id": "2e799cee-746a-410e-b370-412dd4edab10", "type": "layer", "attributes": {"name": "Mangrove forests - 2009", "slug": "Mangroves-2009", "dataset": "bd5d7924-611e-4302-9185-8054acb0b44b", "description": "This data set shows the global extent of mangrove forests", "application": ["gfw"], "iso": [], "provider": "cartodb", "userId": "57a0aa1071e394dd32ffe137", "default": false, "protected": true, "published": true, "env": "production", "layerConfig": {"body": {"layers": [{"options": {"cartocss_version": "2.3.0", "cartocss": "#mangroves_2009{polygon-fill: #05ffaa; polygon-opacity: 0.7;  line-color: #05ffaa;  line-width: 1;  line-opacity: 1; }", "sql": "SELECT * FROM mangroves_2009"}, "type": "cartodb"}], "minzoom": 2, "maxzoom": 19, "metadata": "https://production-api.globalforestwatch.org/v1/gfw-metadata/global_mangroves_gmw", "vectorLayers": [{"type": "fill", "source-layer": "layer0", "paint": {"fill-opacity": 0.7, "fill-color": "#05ffaa"}}, {"type": "line", "source-layer": "layer0", "paint": {"line-opacity": 1, "line-color": "#05ffaa", "line-width": 1}}]}, "sql_config": [], "params_config": [], "account": "wri-01"}, "legendConfig": {"items": [{"color": "#05ffaa", "name": "Mangroves"}], "type": "basic"}, "interactionConfig": {}, "applicationConfig": {"active": true, "default": false, "global": true, "metadata": "global_mangroves_gmw", "multiConfig": {"group": "extent", "label": "Extent", "position": 1}, "selectorConfig": {"group": "extent", "groupSentence": "Mangrove", "label": "2009", "position": 4}}, "staticImageConfig": {}, "updatedAt": "2019-03-08T13:19:55.495Z"}}, {"id": "9d4f2d65-71bc-4930-baf2-efa63dcd0ab9", "type": "layer", "attributes": {"name": "Mangrove forests - 2010", "slug": "Mangroves-2010", "dataset": "bd5d7924-611e-4302-9185-8054acb0b44b", "description": "This data set shows the global extent of mangrove forests", "application": ["gfw"], "iso": [], "provider": "cartodb", "userId": "57a0aa1071e394dd32ffe137", "default": false, "protected": true, "published": true, "env": "production", "layerConfig": {"body": {"layers": [{"options": {"cartocss_version": "2.3.0", "cartocss": "#mangroves_2010{polygon-fill: #05ffaa; polygon-opacity: 0.7;  line-color: #05ffaa;  line-width: 1;  line-opacity: 1; }", "sql": "SELECT * FROM mangroves_2010"}, "type": "cartodb"}], "minzoom": 2, "maxzoom": 19, "metadata": "https://production-api.globalforestwatch.org/v1/gfw-metadata/global_mangroves_gmw", "vectorLayers": [{"type": "fill", "source-layer": "layer0", "paint": {"fill-opacity": 0.7, "fill-color": "#05ffaa"}}, {"type": "line", "source-layer": "layer0", "paint": {"line-opacity": 1, "line-color": "#05ffaa", "line-width": 1}}]}, "sql_config": [], "params_config": [], "account": "wri-01"}, "legendConfig": {"items": [{"color": "#05ffaa", "name": "Mangroves"}], "type": "basic"}, "interactionConfig": {}, "applicationConfig": {"active": true, "default": false, "global": true, "metadata": "global_mangroves_gmw", "multiConfig": {"group": "extent", "label": "Extent", "position": 1}, "selectorConfig": {"group": "extent", "groupSentence": "Mangrove", "label": "2010", "position": 5}}, "staticImageConfig": {}, "updatedAt": "2019-03-08T13:19:55.850Z"}}, {"id": "06e91cb3-8e1d-4920-97fd-f92eb5995546", "type": "layer", "attributes": {"name": "Mangrove forests - 2015", "slug": "Mangroves-2015", "dataset": "bd5d7924-611e-4302-9185-8054acb0b44b", "description": "This data set shows the global extent of mangrove forests", "application": ["gfw"], "iso": [], "provider": "cartodb", "userId": "57a0aa1071e394dd32ffe137", "default": false, "protected": true, "published": true, "env": "production", "layerConfig": {"body": {"layers": [{"options": {"cartocss_version": "2.3.0", "cartocss": "#mangroves_2015{polygon-fill: #05ffaa; polygon-opacity: 0.7;  line-color: #05ffaa;  line-width: 1;  line-opacity: 1; }", "sql": "SELECT * FROM mangroves_2015"}, "type": "cartodb"}], "minzoom": 2, "maxzoom": 19, "metadata": "https://production-api.globalforestwatch.org/v1/gfw-metadata/global_mangroves_gmw", "vectorLayers": [{"type": "fill", "source-layer": "layer0", "paint": {"fill-opacity": 0.7, "fill-color": "#05ffaa"}}, {"type": "line", "source-layer": "layer0", "paint": {"line-opacity": 1, "line-color": "#05ffaa", "line-width": 1}}]}, "sql_config": [], "params_config": [], "account": "wri-01"}, "legendConfig": {"items": [{"color": "#05ffaa", "name": "Mangroves"}], "type": "basic"}, "interactionConfig": {}, "applicationConfig": {"active": true, "default": false, "global": true, "metadata": "global_mangroves_gmw", "multiConfig": {"group": "extent", "label": "Extent", "position": 1}, "selectorConfig": {"group": "extent", "groupSentence": "Mangrove", "label": "2015", "position": 6}}, "staticImageConfig": {}, "updatedAt": "2019-03-08T13:19:56.173Z"}}, {"id": "90ca1154-72e1-4667-852b-03bad0a4c013", "type": "layer", "attributes": {"name": "Mangrove forests - 2016", "slug": "Mangroves-2016", "dataset": "bd5d7924-611e-4302-9185-8054acb0b44b", "description": "This data set shows the global extent of mangrove forests", "application": ["gfw"], "iso": [], "provider": "cartodb", "userId": "57a0aa1071e394dd32ffe137", "default": false, "protected": true, "published": true, "env": "production", "layerConfig": {"body": {"layers": [{"options": {"cartocss_version": "2.3.0", "cartocss": "#mangroves_2016{polygon-fill: #05ffaa; polygon-opacity: 0.7;  line-color: #05ffaa;  line-width: 1;  line-opacity: 1; }", "sql": "SELECT * FROM mangroves_2016"}, "type": "cartodb"}], "minzoom": 2, "maxzoom": 19, "metadata": "https://production-api.globalforestwatch.org/v1/gfw-metadata/global_mangroves_gmw", "vectorLayers": [{"type": "fill", "source-layer": "layer0", "paint": {"fill-opacity": 0.7, "fill-color": "#05ffaa"}}, {"type": "line", "source-layer": "layer0", "paint": {"line-opacity": 1, "line-color": "#05ffaa", "line-width": 1}}]}, "sql_config": [], "params_config": [], "account": "wri-01"}, "legendConfig": {"items": [{"color": "#05ffaa", "name": "Mangroves"}], "type": "basic"}, "interactionConfig": {}, "applicationConfig": {"active": true, "default": false, "global": true, "metadata": "global_mangroves_gmw", "multiConfig": {"group": "extent", "label": "Extent", "position": 1}, "selectorConfig": {"group": "extent", "groupSentence": "Mangrove", "label": "2016", "position": 7}}, "staticImageConfig": {}, "updatedAt": "2019-03-08T13:19:56.460Z"}}, {"id": "9afbd5bb-af85-406f-80e8-0f9b981fefb1", "type": "layer", "attributes": {"name": "Mangrove forests - (1996\u20132016)", "slug": "Mangrove-change-19962016", "dataset": "bd5d7924-611e-4302-9185-8054acb0b44b", "description": "This data set shows the location and change in extent of mangrove forests globally.", "application": ["gfw"], "iso": [], "provider": "cartodb", "userId": "57a0aa1071e394dd32ffe137", "default": false, "protected": true, "published": true, "env": "production", "layerConfig": {"account": "wri-01", "body": {"layers": [{"options": {"cartocss": "#mangrove_delta_96_16[lossgain='no change'] {polygon-fill: #60C082;polygon-opacity: 0.9; line-color: #60C082; line-width: 1;line-opacity: 1;}#mangrove_delta_96_16[lossgain='gain'] {polygon-fill: #117B89;polygon-opacity: 0.9; line-color: #117B89; line-width: 0.1;line-opacity: 1;}#mangrove_delta_96_16[lossgain='loss'] {polygon-fill: #C1014E;polygon-opacity: 0.9; line-color: #C1014E;line-width: 0.1;line-opacity: 1;}#mangrove_delta_96_16[lossgain='loss'][zoom = 6] {polygon-fill: #C1014E;polygon-opacity: 0.9; line-color: #C1014E;line-width: 0.05;line-opacity: 1;}", "cartocss_version": "2.3.0", "sql": "SELECT * FROM mangrove_delta_96_16"}, "type": "cartodb"}], "maxzoom": 19, "minzoom": 2, "vectorLayers": [{"type": "line", "source-layer": "layer0", "filter": ["all", ["==", "lossgain", "no change"]], "paint": {"line-opacity": 1, "line-color": "#60C082", "line-width": 1}}, {"type": "fill", "source-layer": "layer0", "filter": ["all", ["==", "lossgain", "no change"]], "paint": {"fill-opacity": 0.9, "fill-color": "#60C082"}}, {"type": "line", "source-layer": "layer0", "filter": ["all", ["==", "lossgain", "gain"]], "paint": {"line-opacity": 1, "line-color": "#117B89", "line-width": 0.1}}, {"type": "fill", "source-layer": "layer0", "filter": ["all", ["==", "lossgain", "gain"]], "paint": {"fill-opacity": 0.9, "fill-color": "#117B89"}}, {"type": "line", "source-layer": "layer0", "filter": ["all", ["==", "lossgain", "loss"]], "paint": {"line-opacity": 1, "line-color": "#C1014E", "line-width": 1}}, {"type": "fill", "source-layer": "layer0", "filter": ["all", ["==", "lossgain", "loss"]], "paint": {"fill-opacity": 0.9, "fill-color": "#C1014E"}}]}}, "legendConfig": {"items": [{"color": "#60C082", "name": "Mangroves"}, {"color": "#C1014E", "name": "Mangrove loss"}, {"color": "#117B89", "name": "Mangrove gain"}], "type": "basic"}, "interactionConfig": {}, "applicationConfig": {"active": true, "default": false, "global": true, "metadata": "global_mangroves_gmw", "multiConfig": {"group": "change", "label": "Change", "position": 2}, "selectorConfig": {"group": "change", "groupSentence": "Mangrove", "label": "1996\u20132016 (20 years)", "position": 1, "sentence": "During {selector}"}}, "staticImageConfig": {}, "updatedAt": "2019-03-08T13:19:56.742Z"}}, {"id": "2cb4b8f8-314b-4e75-b8e7-77fd8170be47", "type": "layer", "attributes": {"name": "Mangrove forests - (1996\u20132010)", "slug": "Mangrove-change-19962010", "dataset": "bd5d7924-611e-4302-9185-8054acb0b44b", "description": "This data set shows the location and change in extent of mangrove forests globally.", "application": ["gfw"], "iso": [], "provider": "cartodb", "userId": "57a0aa1071e394dd32ffe137", "default": false, "protected": true, "published": true, "env": "production", "layerConfig": {"account": "wri-01", "body": {"layers": [{"options": {"cartocss": "#mangrove_delta_96_10[lossgain='no change'] {polygon-fill: #60C082;polygon-opacity: 0.9; line-color: #60C082; line-width: 1;line-opacity: 1;}#mangrove_delta_96_10[lossgain='gain'] {polygon-fill: #117B89;polygon-opacity: 0.9; line-color: #117B89; line-width: 0.1;line-opacity: 1;}#mangrove_delta_96_10[lossgain='loss'] {polygon-fill: #C1014E;polygon-opacity: 0.9; line-color: #C1014E;line-width: 0.1;line-opacity: 1;}#mangrove_delta_96_10[lossgain='loss'][zoom = 6] {polygon-fill: #C1014E;polygon-opacity: 0.9; line-color: #C1014E;line-width: 0.05;line-opacity: 1;}", "cartocss_version": "2.3.0", "sql": "SELECT * FROM mangrove_delta_96_10"}, "type": "cartodb"}], "maxzoom": 19, "minzoom": 2, "vectorLayers": [{"type": "line", "source-layer": "layer0", "filter": ["all", ["==", "lossgain", "no change"]], "paint": {"line-opacity": 1, "line-color": "#60C082", "line-width": 1}}, {"type": "fill", "source-layer": "layer0", "filter": ["all", ["==", "lossgain", "no change"]], "paint": {"fill-opacity": 0.9, "fill-color": "#60C082"}}, {"type": "line", "source-layer": "layer0", "filter": ["all", ["==", "lossgain", "gain"]], "paint": {"line-opacity": 1, "line-color": "#117B89", "line-width": 0.1}}, {"type": "fill", "source-layer": "layer0", "filter": ["all", ["==", "lossgain", "gain"]], "paint": {"fill-opacity": 0.9, "fill-color": "#117B89"}}, {"type": "line", "source-layer": "layer0", "filter": ["all", ["==", "lossgain", "loss"]], "paint": {"line-opacity": 1, "line-color": "#C1014E", "line-width": 1}}, {"type": "fill", "source-layer": "layer0", "filter": ["all", ["==", "lossgain", "loss"]], "paint": {"fill-opacity": 0.9, "fill-color": "#C1014E"}}]}}, "legendConfig": {"items": [{"color": "#60C082", "name": "Mangroves"}, {"color": "#C1014E", "name": "Mangrove loss"}, {"color": "#117B89", "name": "Mangrove gain"}], "type": "basic"}, "interactionConfig": {}, "applicationConfig": {"active": true, "default": false, "global": true, "metadata": "global_mangroves_gmw", "multiConfig": {"group": "change", "label": "Change", "position": 2}, "selectorConfig": {"group": "change", "groupSentence": "Mangrove", "label": "1996\u20132010 (14 years)", "position": 2, "sentence": "During {selector}"}}, "staticImageConfig": {}, "updatedAt": "2019-03-08T13:19:57.022Z"}}, {"id": "8095eadd-7a13-4db5-b607-556b2bd360ce", "type": "layer", "attributes": {"name": "Mangrove forests - (2010-2016)", "slug": "Mangrove-change-2010-2016", "dataset": "bd5d7924-611e-4302-9185-8054acb0b44b", "description": "This data set shows the location and change in extent of mangrove forests globally.", "application": ["gfw"], "iso": [], "provider": "cartodb", "userId": "57a0aa1071e394dd32ffe137", "default": false, "protected": true, "published": true, "env": "production", "layerConfig": {"account": "wri-01", "body": {"layers": [{"options": {"cartocss": "#mangrove_delta_10_16[lossgain='no change'] {polygon-fill: #60C082;polygon-opacity: 0.9; line-color: #60C082; line-width: 1;line-opacity: 1;}#mangrove_delta_10_16[lossgain='gain'] {polygon-fill: #117B89;polygon-opacity: 0.9; line-color: #117B89; line-width: 0.1;line-opacity: 1;}#mangrove_delta_10_16[lossgain='loss'] {polygon-fill: #C1014E;polygon-opacity: 0.9; line-color: #C1014E;line-width: 0.1;line-opacity: 1;}#mangrove_delta_10_16[lossgain='loss'][zoom = 6] {polygon-fill: #C1014E;polygon-opacity: 0.9; line-color: #C1014E;line-width: 0.05;line-opacity: 1;}", "cartocss_version": "2.3.0", "sql": "SELECT * FROM mangrove_delta_10_16"}, "type": "cartodb"}], "maxzoom": 19, "minzoom": 2, "vectorLayers": [{"type": "line", "source-layer": "layer0", "filter": ["all", ["==", "lossgain", "no change"]], "paint": {"line-opacity": 1, "line-color": "#60C082", "line-width": 1}}, {"type": "fill", "source-layer": "layer0", "filter": ["all", ["==", "lossgain", "no change"]], "paint": {"fill-opacity": 0.9, "fill-color": "#60C082"}}, {"type": "line", "source-layer": "layer0", "filter": ["all", ["==", "lossgain", "gain"]], "paint": {"line-opacity": 1, "line-color": "#117B89", "line-width": 0.1}}, {"type": "fill", "source-layer": "layer0", "filter": ["all", ["==", "lossgain", "gain"]], "paint": {"fill-opacity": 0.9, "fill-color": "#117B89"}}, {"type": "line", "source-layer": "layer0", "filter": ["all", ["==", "lossgain", "loss"]], "paint": {"line-opacity": 1, "line-color": "#C1014E", "line-width": 1}}, {"type": "fill", "source-layer": "layer0", "filter": ["all", ["==", "lossgain", "loss"]], "paint": {"fill-opacity": 0.9, "fill-color": "#C1014E"}}]}}, "legendConfig": {"items": [{"color": "#60C082", "name": "Mangroves"}, {"color": "#C1014E", "name": "Mangrove loss"}, {"color": "#117B89", "name": "Mangrove gain"}], "type": "basic"}, "interactionConfig": {}, "applicationConfig": {"active": true, "default": false, "global": true, "metadata": "global_mangroves_gmw", "multiConfig": {"group": "change", "label": "Change", "position": 2}, "selectorConfig": {"group": "change", "groupSentence": "Mangrove", "label": "2010\u20132016 (6 years)", "position": 3, "sentence": "During {selector}"}}, "staticImageConfig": {}, "updatedAt": "2019-03-08T13:19:57.287Z"}}], "metadata": [{"id": "5b64554eb6baae001154d1b1", "type": "metadata", "attributes": {"dataset": "bd5d7924-611e-4302-9185-8054acb0b44b", "application": "gfw", "resource": {"id": "bd5d7924-611e-4302-9185-8054acb0b44b", "type": "dataset"}, "language": "en", "info": {"citation": "Global Mangrove Watch", "color": "#a0c746", "description": "Global coverage of mangroves for select years from 1996 to 2016.", "isMultiSelectorLayer": true, "name": "Mangrove forests"}, "createdAt": "2018-08-03T13:14:54.671Z", "updatedAt": "2018-11-06T15:58:04.045Z", "status": "published"}}], "vocabulary": [{"id": "bd5d7924-611e-4302-9185-8054acb0b44b", "type": "vocabulary", "attributes": {"resource": {"id": "bd5d7924-611e-4302-9185-8054acb0b44b", "type": "dataset"}, "tags": ["landCover"], "name": "categoryTab", "application": "gfw"}}]}}