{"id": "c36c3108-2581-4b68-852a-c929fc758001", "type": "dataset", "attributes": {"name": "dis.007 Landslide Susceptibility", "slug": "dis_007-Landslide-Susceptibility-Map", "type": "raster", "subtitle": "NASA", "application": ["aqueduct", "gfw", "prep", "rw", "forest-atlas", "data4sdgs", "gfw-climate"], "dataPath": "", "attributesPath": null, "connectorType": "rest", "provider": "gee", "userId": "58f63c81bd32c60206ed6b12", "connectorUrl": "", "tableName": "users/resourcewatch/dis_007_landslide_susceptibility_map", "status": "saved", "published": true, "overwrite": false, "verified": false, "blockchain": {}, "subscribable": {}, "mainDateField": null, "env": "production", "geoInfo": true, "protected": true, "legend": {"date": [], "region": [], "country": [], "nested": []}, "clonedHost": {}, "errorMessage": "[Automatic Validation] ConnectorFailed -> Invalid Dataset", "taskId": null, "updatedAt": "2018-11-21T13:55:02.081Z", "dataLastUpdated": null, "widgetRelevantProps": [], "layerRelevantProps": [], "layer": [{"id": "42caee24-4225-4c0c-8c1b-4da550ddd120", "type": "layer", "attributes": {"name": "Landslide Susceptibility", "slug": "Landslide-Susceptibility", "dataset": "c36c3108-2581-4b68-852a-c929fc758001", "description": "Global map of susceptibility to landslides.", "application": ["rw"], "iso": [], "provider": "gee", "userId": "58f63c81bd32c60206ed6b12", "default": true, "protected": false, "published": true, "env": "production", "layerConfig": {"body": {"sldValue": "<RasterSymbolizer>    <ColorMap  type=\"values\" extended=\"false\" >        <ColorMapEntry color=\"#000000\" quantity=\"0\" label=\"\" opacity=\"0\"/>        <ColorMapEntry color=\"#810f7c\" quantity=\"5\" label=\"\" />   <ColorMapEntry color=\"#8856a7\" quantity=\"4\" label=\"\" />    <ColorMapEntry color=\"#8c96c6\" quantity=\"3\" label=\"\" />    <ColorMapEntry color=\"#9ebcda\" quantity=\"2\" label=\"\" opacity=\"1\" /><ColorMapEntry color=\"#bfd3e6\" quantity=\"1\" label=\"\" />     </ColorMap></RasterSymbolizer>", "styleType": "sld"}, "assetId": "users/resourcewatch/dis_007_landslide_susceptibility_map", "type": "gee"}, "legendConfig": {"items": [{"color": "#bfd3e6", "name": "Slight"}, {"color": "#9ebcda", "name": "Low"}, {"color": "#8c96c6", "name": "Moderate"}, {"color": "#8856a7", "name": "High"}, {"color": "#810f7c", "name": "Severe"}], "type": "choropleth"}, "interactionConfig": {"output": []}, "applicationConfig": {}, "staticImageConfig": {}, "updatedAt": "2018-04-06T14:24:31.168Z"}}, {"id": "a248d0e0-f325-43cb-8cbd-0e197b8cb971", "type": "layer", "attributes": {"name": "Landslide Potential", "slug": "Landslide-Potential", "dataset": "c36c3108-2581-4b68-852a-c929fc758001", "description": "Global map of susceptibility to landslides.", "application": ["prep"], "iso": [], "provider": "gee", "userId": "58f63c81bd32c60206ed6b12", "default": true, "protected": false, "published": true, "env": "production", "layerConfig": {"type": "gee", "assetId": "users/resourcewatch/dis_007_landslide_susceptibility_map", "body": {"styleType": "sld", "sldValue": "<RasterSymbolizer>    <ColorMap  type=\"values\" extended=\"false\" >        <ColorMapEntry color=\"#000000\" quantity=\"0\" label=\"\" opacity=\"0\"/>        <ColorMapEntry color=\"#810f7c\" quantity=\"5\" label=\"\" />   <ColorMapEntry color=\"#8856a7\" quantity=\"4\" label=\"\" />    <ColorMapEntry color=\"#8c96c6\" quantity=\"3\" label=\"\" />    <ColorMapEntry color=\"#9ebcda\" quantity=\"2\" label=\"\" opacity=\"1\" /><ColorMapEntry color=\"#bfd3e6\" quantity=\"1\" label=\"\" />     </ColorMap></RasterSymbolizer>"}}, "legendConfig": {"type": "choropleth", "items": [{"name": "Slight", "color": "#bfd3e6"}, {"name": "Low", "color": "#9ebcda"}, {"name": "Moderate", "color": "#8c96c6"}, {"name": "High", "color": "#8856a7"}, {"name": "Severe", "color": "#810f7c"}]}, "interactionConfig": {}, "applicationConfig": {}, "staticImageConfig": {}, "updatedAt": "2018-01-14T18:52:27.449Z"}}], "metadata": [{"id": "59dd3c809caa8700129be7cc", "type": "metadata", "attributes": {"dataset": "c36c3108-2581-4b68-852a-c929fc758001", "application": "rw", "resource": {"id": "c36c3108-2581-4b68-852a-c929fc758001", "type": "dataset"}, "language": "en", "name": "Landslide Susceptibility", "description": "This Global Landslide Susceptibility Map, created by scientists at the National Aeronautics and Space Administration (NASA) and published in 2017 at 1 km resolution, improves upon past landslide susceptibility maps by incorporating the most up-to-date data. NASA scientists evaluated landslide susceptibility on slope from the Shuttle Radar Topography Mission and forest loss from a Landsat-based record of forest change compiled by a University of Maryland team. They also included data on key factors including the presence of roads from OpenStreetMap, the strength of bedrock and soils, and the locations of faults from the Geological Map of the World, 3rd ed., by Philippe Bouysse (2009). They generated the map using a heuristic fuzzy approach that generated the possibility of landslides and validated it through landslide inventories. Resource Watch shows only a subset of the data set. For access to the full data set and additional information, see the Learn More link.", "source": "NASA", "info": {"rwId": "dis.007", "data_type": "Raster", "name": "Landslide Susceptibility", "sources": [{"source-name": "National Aeronautics and Space Administration (NASA)", "id": 0, "source-description": ""}], "technical_title": "Global Landslide Susceptibility Map", "functions": "Global map of susceptibility to landslides", "cautions": "A disadvantage of a heuristic fuzzy approach to the creation of the map is that the output is a \u201cpossibility,\u201d which is not strictly comparable to the probabilities generated by classical statistics; several features of the map thus may limit its use. First, the resolution of the map is approximately 1 km, and terrain varies significantly within many pixels. The choice to aggregate slope by computing the maximum value means that some pixels may contain a very small area of steep terrain, while the remainder is not susceptible to landslides. Second, the use of biased and incomplete landslide inventories to evaluate the susceptibility map makes the results more difficult to interpret. Third, the Geological Map of the World is only appropriate for use over very large areas. At local and national scales, more detailed information is often available, but it varies in quality, format, and cost. Fourth, this map models all mass movements with the same treatment. The real world is more complex, and factors that drive rock toppling in Canada are not the same as those which can cause debris flows in New Guinea. Fifth, this map does not provide an explicit hazard level in the form of an annual probability of slope failure. Therefore it is very likely that landslides will occur at some date in all of the very highly susceptible locations, but the size, frequency, and timing of those events are not known. These limitations suggest that the global susceptibility map is best used for a few purposes: situational awareness of global landslide hotspots and potential occurrence, the development of global decision support systems, and prioritization of future landslide research. It is not appropriate for decisions about infrastructure design, building code legislation, or local land use planning.", "citation": "Stanley, T., and D.B. Kirschbaum. 2017. \"A Heuristic Approach to Global Landslide Susceptibility Mapping.\" Natural Hazards 87, no. 1: 145-164; doi:10.1007/s11069-017-2757-y. http://link.springer.com/article/10.1007%2Fs11069-017-2757-y. Accessed through Resource Watch, (date). [www.resourcewatch.org](www.resourcewatch.org).", "license": "Attribution required", "license_link": "https://pmm.nasa.gov/data-access/#data-policy", "geographic_coverage": "Global", "spatial_resolution": "1 km", "date_of_content": null, "frequency_of_updates": null, "learn_more_link": "https://pmm.nasa.gov/applications/global-landslide-model", "data_download_link": null, "data_download_original_link": "https://pmm.nasa.gov/applications/global-landslide-model"}, "createdAt": "2017-10-10T21:32:48.902Z", "updatedAt": "2019-06-20T13:07:14.264Z", "status": "published"}}, {"id": "5a4d85b3c8c8e400159aed77", "type": "metadata", "attributes": {"dataset": "c36c3108-2581-4b68-852a-c929fc758001", "application": "prep", "resource": {"id": "c36c3108-2581-4b68-852a-c929fc758001", "type": "dataset"}, "language": "en", "name": "Landslide Potential", "description": "This Global Landslide Susceptibility Map, created by scientists at the National Aeronautics and Space Administration (NASA) and published in 2017 at 1 km resolution, improves upon past landslide susceptibility maps by incorporating the most up-to-date data. NASA scientists evaluated landslide susceptibility on slope from the Shuttle Radar Topography Mission and forest loss from a Landsat-based record of forest change compiled by a University of Maryland team. They also included data on key factors including the presence of roads from OpenStreetMap, the strength of bedrock and soils, and the locations of faults from the Geological Map of the World, 3rd ed., by Philippe Bouysse (2009). They generated the map using a heuristic fuzzy approach that generated the possibility of landslides and validated it through landslide inventories. \n\nPREPdata shows only a subset of this data set. For access to the full data set and additional information, see the Download from Original Source link.", "source": "NASA", "citation": "Stanley, T., and D. B. Kirschbaum (2017), A heuristic approach to global landslide susceptibility mapping, Nat. Hazards, 1\u201320, doi:10.1007/s11069-017-2757-y. Link to article: http://link.springer.com/article/10.1007%2Fs11069-017-2757-y. Accessed through PREPdata, [date]. www.prepdata.org.", "info": {"data_type": "Raster", "date_of_content": "2017", "endpoint": "", "function": "Global map of susceptibility to landslides", "geographic_coverage": "Global", "language": "English", "learn_more_link": "https://pmm.nasa.gov/applications/global-landslide-model", "license": "Attribution required", "license_link": "https://pmm.nasa.gov/data-access/#data-policy", "loca": {"indicator_id": ""}, "nexgddp": {"indicator_id": ""}, "organization-long": "National Aeronautics and Space Administration (NASA)", "published_date": "2017", "spatial_resolution": "0.01 degree", "technical_title": "Global Landslide Susceptibility Map", "wri_rw_id": "prep_0074"}, "createdAt": "2018-01-04T01:38:59.782Z", "updatedAt": "2019-05-09T19:25:04.435Z", "status": "published"}}], "vocabulary": [{"id": "c36c3108-2581-4b68-852a-c929fc758001", "type": "vocabulary", "attributes": {"resource": {"id": "c36c3108-2581-4b68-852a-c929fc758001", "type": "dataset"}, "tags": ["geospatial", "raster", "global", "landslide", "vulnerability", "historical", "natural_disaster", "disasters"], "name": "knowledge_graph", "application": "rw"}}, {"id": "c36c3108-2581-4b68-852a-c929fc758001", "type": "vocabulary", "attributes": {"resource": {"id": "c36c3108-2581-4b68-852a-c929fc758001", "type": "dataset"}, "tags": ["landslide", "global", "raster", "geospatial", "natural_disaster", "extreme_event"], "name": "knowledge_graph", "application": "prep"}}], "widget": [{"id": null, "type": "widget", "attributes": {"id": "d3320602-ffeb-4bb6-8638-b92b2592e87c", "type": "widget", "attributes": {"name": "Landslide Susceptibility", "dataset": "c36c3108-2581-4b68-852a-c929fc758001", "slug": "Landslide-Susceptibility", "userId": "58f63c81bd32c60206ed6b12", "description": "", "source": "", "authors": "", "application": ["rw"], "verified": false, "default": true, "protected": false, "defaultEditableWidget": true, "published": true, "freeze": false, "env": "production", "queryUrl": "", "widgetConfig": {"type": "map", "layer_id": "42caee24-4225-4c0c-8c1b-4da550ddd120", "zoom": 3, "lat": 7.710991655433217, "lng": -32.16796875000001, "bbox": [-65.74218750000001, -44.21370990970205, 1.5820312500000002, 54.265224078605684], "basemapLayers": {"basemap": "dark", "labels": null, "boundaries": false}, "paramsConfig": {"visualizationType": "map", "limit": 500, "value": null, "category": null, "color": null, "size": null, "orderBy": null, "aggregateFunction": null, "chartType": null, "filters": [], "areaIntersection": null, "band": null, "layer": "42caee24-4225-4c0c-8c1b-4da550ddd120"}, "config": null}, "template": false, "createdAt": "2018-01-12T16:57:52.340Z", "updatedAt": "2018-01-12T16:57:52.340Z"}}}, {"id": null, "type": "widget", "attributes": {"id": "f1cbe5a9-fb6a-45de-bd2a-5cb53b7fa67d", "type": "widget", "attributes": {"name": "Landslide Potential in Uttarakhand", "dataset": "c36c3108-2581-4b68-852a-c929fc758001", "slug": "Landslide-Potential-in-Uttarakhand", "userId": "5a5e215ca573ab0001649c2e", "description": "NASA Global Landslide Potential data in the area surrounding UK", "application": ["prep"], "verified": false, "default": false, "protected": false, "defaultEditableWidget": false, "published": false, "freeze": false, "env": "production", "widgetConfig": {"paramsConfig": {"layer": "a248d0e0-f325-43cb-8cbd-0e197b8cb971", "band": null, "areaIntersection": null, "filters": [], "chartType": null, "aggregateFunction": null, "orderBy": null, "size": null, "color": null, "category": null, "value": null, "limit": 500, "visualizationType": "map"}, "lng": 79.54101562500001, "lat": 29.52567042617583, "zoom": 7, "layer_id": "a248d0e0-f325-43cb-8cbd-0e197b8cb971", "type": "map"}, "template": false, "createdAt": "2018-01-22T17:09:42.495Z", "updatedAt": "2018-01-22T17:09:42.495Z"}}}, {"id": null, "type": "widget", "attributes": {"id": "5effbdb9-19ba-48b1-898e-11c0b223bae6", "type": "widget", "attributes": {"name": "Landslide Potential in UK", "dataset": "c36c3108-2581-4b68-852a-c929fc758001", "slug": "Landslide-Potential-in-UK", "userId": "5a5e215ca573ab0001649c2e", "description": "NASA Global Landslide potential data for UK and surrounding area", "application": ["prep"], "verified": false, "default": false, "protected": false, "defaultEditableWidget": false, "published": false, "freeze": false, "env": "production", "widgetConfig": {"paramsConfig": {"layer": "a248d0e0-f325-43cb-8cbd-0e197b8cb971", "band": null, "areaIntersection": null, "filters": [], "chartType": null, "aggregateFunction": null, "orderBy": null, "size": null, "color": null, "category": null, "value": null, "limit": 500, "visualizationType": "map"}, "lng": 79.46411132812501, "lat": 29.878755346037977, "zoom": 8, "layer_id": "a248d0e0-f325-43cb-8cbd-0e197b8cb971", "type": "map"}, "template": false, "createdAt": "2018-01-22T17:22:48.496Z", "updatedAt": "2018-01-22T17:22:48.496Z"}}}, {"id": null, "type": "widget", "attributes": {"id": "65d74257-c60d-4e21-9ce7-820b44e19172", "type": "widget", "attributes": {"name": "Landslide Potential in UK", "dataset": "c36c3108-2581-4b68-852a-c929fc758001", "slug": "Landslide-Potential-in-UK_1", "userId": "5a5e215ca573ab0001649c2e", "description": "NASA Global Landslide data fro UK", "application": ["prep"], "verified": false, "default": false, "protected": false, "defaultEditableWidget": false, "published": false, "freeze": false, "env": "production", "widgetConfig": {"paramsConfig": {"layer": "a248d0e0-f325-43cb-8cbd-0e197b8cb971", "band": null, "areaIntersection": null, "filters": [], "chartType": null, "aggregateFunction": null, "orderBy": null, "size": null, "color": null, "category": null, "value": null, "limit": 500, "visualizationType": "map"}, "lng": 80.46386718750001, "lat": 29.563901551414443, "zoom": 7, "layer_id": "a248d0e0-f325-43cb-8cbd-0e197b8cb971", "type": "map"}, "template": false, "createdAt": "2018-01-22T17:40:49.681Z", "updatedAt": "2018-01-22T17:40:49.681Z"}}}, {"id": null, "type": "widget", "attributes": {"id": "83a7c627-949e-43b6-83e2-4963567985ab", "type": "widget", "attributes": {"name": "Landslide Potential", "dataset": "c36c3108-2581-4b68-852a-c929fc758001", "slug": "Landslide-Potential", "userId": "5a5e215ca573ab0001649c2e", "description": "NASA Landslide Data", "application": ["prep"], "verified": false, "default": false, "protected": false, "defaultEditableWidget": false, "published": false, "freeze": false, "env": "production", "widgetConfig": {"paramsConfig": {"layer": "a248d0e0-f325-43cb-8cbd-0e197b8cb971", "band": null, "areaIntersection": null, "filters": [], "chartType": null, "aggregateFunction": null, "orderBy": null, "size": null, "color": null, "category": null, "value": null, "limit": 500, "caption": "NASA Landslide data", "visualizationType": "map"}, "lng": -43.94531250000001, "lat": -23.079731762449878, "zoom": 5, "layer_id": "a248d0e0-f325-43cb-8cbd-0e197b8cb971", "type": "map"}, "template": false, "createdAt": "2018-02-05T16:48:54.212Z", "updatedAt": "2018-02-05T16:48:54.212Z"}}}, {"id": null, "type": "widget", "attributes": {"id": "301ea1f2-a245-423b-aaa9-4b0ef9d167dd", "type": "widget", "attributes": {"name": "Landslide Potential Demo", "dataset": "c36c3108-2581-4b68-852a-c929fc758001", "slug": "Landslide-Potential-Demo", "userId": "5a5e215ca573ab0001649c2e", "description": "NASA landslide data", "application": ["prep"], "verified": false, "default": false, "protected": false, "defaultEditableWidget": false, "published": false, "freeze": false, "env": "production", "widgetConfig": {"paramsConfig": {"layer": "a248d0e0-f325-43cb-8cbd-0e197b8cb971", "band": null, "areaIntersection": null, "filters": [], "chartType": null, "aggregateFunction": null, "orderBy": null, "size": null, "color": null, "category": null, "value": null, "limit": 500, "caption": "NASA Landslide Data", "visualizationType": "map"}, "lng": 29.94140669703484, "lat": -2.0942602979347167, "zoom": 7, "layer_id": "a248d0e0-f325-43cb-8cbd-0e197b8cb971", "type": "map"}, "template": false, "createdAt": "2018-02-21T16:48:34.832Z", "updatedAt": "2018-02-21T16:48:34.832Z"}}}, {"id": null, "type": "widget", "attributes": {"id": "bc493996-73ba-478e-a1f2-15eceb8008f9", "type": "widget", "attributes": {"name": "Landslide Potential in Western South America", "dataset": "c36c3108-2581-4b68-852a-c929fc758001", "slug": "Landslide-Potential-in-Western-South-America_1", "userId": "594a8b5b3b0f7f271d303321", "description": "\"Global Landslide Susceptibility Map,\" 2017. Stanley and Kirschbaum/NASA", "source": "NASA", "application": ["prep"], "verified": false, "default": false, "protected": false, "defaultEditableWidget": false, "published": false, "freeze": false, "env": "production", "widgetConfig": {}, "template": false, "createdAt": "2018-03-01T19:15:48.182Z", "updatedAt": "2018-03-01T19:15:48.182Z"}}}, {"id": null, "type": "widget", "attributes": {"id": "10c908f1-7941-487d-80fa-0329243168b9", "type": "widget", "attributes": {"name": "Landslide Potential", "dataset": "c36c3108-2581-4b68-852a-c929fc758001", "slug": "Landslide-Potential_1", "userId": "594a8b5b3b0f7f271d303321", "description": "NASA Global Landslide Susceptibility Map", "application": ["prep"], "verified": false, "default": false, "protected": false, "defaultEditableWidget": false, "published": false, "freeze": false, "env": "production", "widgetConfig": {"type": "map", "layer_id": "a248d0e0-f325-43cb-8cbd-0e197b8cb971", "zoom": 4, "lat": -10.746969318459989, "lng": -66.09375000000001, "bbox": [-92.19726562500001, -34.089061315849946, -39.99023437500001, 14.519780046326085], "paramsConfig": {"visualizationType": "map", "caption": null, "limit": 500, "value": null, "category": null, "color": null, "size": null, "orderBy": null, "aggregateFunction": null, "chartType": null, "filters": [], "areaIntersection": null, "band": null, "layer": "a248d0e0-f325-43cb-8cbd-0e197b8cb971"}}, "template": false, "createdAt": "2018-03-13T16:57:29.265Z", "updatedAt": "2018-03-13T16:57:29.265Z"}}}, {"id": null, "type": "widget", "attributes": {"id": "160c32a4-5014-4938-9aa1-9599cc87040a", "type": "widget", "attributes": {"name": "Landslide Potential for Webinar", "dataset": "c36c3108-2581-4b68-852a-c929fc758001", "slug": "Landslide-Potential-for-Webinar", "userId": "5a5d2e3c007e6500010b9344", "application": ["prep"], "verified": false, "default": false, "protected": false, "defaultEditableWidget": false, "published": false, "freeze": false, "env": "production", "widgetConfig": {"paramsConfig": {"layer": "a248d0e0-f325-43cb-8cbd-0e197b8cb971", "band": null, "areaIntersection": null, "filters": [], "chartType": null, "aggregateFunction": null, "orderBy": null, "size": null, "color": null, "category": null, "value": null, "limit": 500, "caption": null, "visualizationType": "map"}, "bbox": [-86.923828125, -20.67390526467283, -60.82031250000001, 4.3464112753331925], "lng": -73.87207031250001, "lat": -8.363692651835823, "zoom": 5, "layer_id": "a248d0e0-f325-43cb-8cbd-0e197b8cb971", "type": "map"}, "template": false, "createdAt": "2018-03-14T22:54:41.773Z", "updatedAt": "2018-03-14T22:54:41.773Z"}}}, {"id": null, "type": "widget", "attributes": {"id": "d789e48d-f3fc-4db0-9d16-f86d7c857262", "type": "widget", "attributes": {"name": "Landslide Risk Area", "dataset": "c36c3108-2581-4b68-852a-c929fc758001", "slug": "Phil-Landslide-Risk-Areas", "userId": "58fde4354eecd9073107af0f", "description": "Landslide risk areas for the Philippines", "application": ["rw"], "verified": false, "default": false, "protected": false, "defaultEditableWidget": false, "published": false, "freeze": false, "env": "production", "widgetConfig": {"type": "map", "layer_id": "42caee24-4225-4c0c-8c1b-4da550ddd120", "zoom": 6, "lat": 10.867600704998747, "lng": 123.94208505749704, "paramsConfig": {"visualizationType": "map", "caption": null, "limit": 50, "value": null, "category": null, "color": null, "size": null, "orderBy": null, "aggregateFunction": null, "chartType": null, "filters": [], "areaIntersection": null, "band": null, "layer": "42caee24-4225-4c0c-8c1b-4da550ddd120"}}, "template": false, "createdAt": "2018-03-28T21:28:44.975Z", "updatedAt": "2018-03-28T21:28:44.975Z"}}}, {"id": null, "type": "widget", "attributes": {"id": "27dda2e3-dc61-41da-bb10-6c8151934788", "type": "widget", "attributes": {"name": "1C Widget Test", "dataset": "c36c3108-2581-4b68-852a-c929fc758001", "slug": "1C-Widget-Test", "userId": "594a8b5b3b0f7f271d303321", "description": "Landslide Potential / Raster Dataset / Widget from Explore", "source": "Source name text", "sourceUrl": "prepdata.org", "authors": "Authors text", "application": ["prep"], "verified": false, "default": false, "protected": false, "defaultEditableWidget": false, "published": false, "freeze": false, "env": "production", "widgetConfig": {"type": "map", "layer_id": "a248d0e0-f325-43cb-8cbd-0e197b8cb971", "zoom": 5, "lat": 23.160563309048314, "lng": 78.79394531250001, "bbox": [65.74218750000001, 11.005904459659451, 91.845703125, 34.30714385628804], "paramsConfig": {"visualizationType": "map", "caption": null, "limit": 500, "value": null, "category": null, "color": null, "size": null, "orderBy": null, "aggregateFunction": null, "chartType": null, "filters": [], "areaIntersection": null, "band": null, "layer": "a248d0e0-f325-43cb-8cbd-0e197b8cb971"}}, "template": false, "createdAt": "2018-05-03T18:38:55.300Z", "updatedAt": "2018-05-03T18:38:55.300Z"}}}, {"id": null, "type": "widget", "attributes": {"id": "809dacfa-f878-4e9a-b30e-62bf8100bfe0", "type": "widget", "attributes": {"name": "1H Widget Test", "dataset": "c36c3108-2581-4b68-852a-c929fc758001", "slug": "1H-Widget-Test", "userId": "594a8b5b3b0f7f271d303321", "description": "Landslide Potential / Raster / From Dataset Detail Page", "application": ["prep"], "verified": false, "default": false, "protected": false, "defaultEditableWidget": false, "published": false, "freeze": false, "env": "production", "widgetConfig": {"paramsConfig": {"layer": "a248d0e0-f325-43cb-8cbd-0e197b8cb971", "band": null, "areaIntersection": null, "filters": [], "chartType": null, "aggregateFunction": null, "orderBy": null, "size": null, "color": null, "category": null, "value": null, "limit": 500, "caption": "Landslide Potential / Raster / From Dataset Detail Page", "visualizationType": "map"}, "lng": -98.21, "lat": 40.65, "zoom": 3, "layer_id": "a248d0e0-f325-43cb-8cbd-0e197b8cb971", "type": "map"}, "template": false, "createdAt": "2018-05-03T20:25:02.540Z", "updatedAt": "2018-05-03T20:25:02.540Z"}}}, {"id": null, "type": "widget", "attributes": {"id": "cf15096d-a510-4e6d-a9b3-b320893ea20f", "type": "widget", "attributes": {"name": "1H Widget Test - Extent change", "dataset": "c36c3108-2581-4b68-852a-c929fc758001", "slug": "1H-Widget-Test-Extent-change", "userId": "594a8b5b3b0f7f271d303321", "application": ["prep"], "verified": false, "default": false, "protected": false, "defaultEditableWidget": false, "published": false, "freeze": false, "env": "production", "widgetConfig": {"paramsConfig": {"layer": "a248d0e0-f325-43cb-8cbd-0e197b8cb971", "band": null, "areaIntersection": null, "filters": [], "chartType": null, "aggregateFunction": null, "orderBy": null, "size": null, "color": null, "category": null, "value": null, "limit": 500, "caption": "Landslide Potential / Raster / From Dataset Detail Page", "visualizationType": "map"}, "bbox": [42.16552734375001, -25.18505888358066, 50.75683593750001, -13.17577122442339], "lng": 46.46118164062501, "lat": -19.290405639497994, "zoom": 6, "layer_id": "a248d0e0-f325-43cb-8cbd-0e197b8cb971", "type": "map"}, "template": false, "createdAt": "2018-05-03T20:28:23.313Z", "updatedAt": "2018-05-03T20:28:23.313Z"}}}, {"id": null, "type": "widget", "attributes": {"id": "7bb13819-c018-4a6c-adca-7a91162f3312", "type": "widget", "attributes": {"name": "1F Widget Test", "dataset": "c36c3108-2581-4b68-852a-c929fc758001", "slug": "1F-Widget-Test", "userId": "5a5d2e3c007e6500010b9344", "description": "Landslide Potential / Raster / USER / From Explore", "application": ["prep"], "verified": false, "default": false, "protected": false, "defaultEditableWidget": false, "published": false, "freeze": false, "env": "production", "widgetConfig": {"type": "map", "layer_id": "a248d0e0-f325-43cb-8cbd-0e197b8cb971", "zoom": 5, "lat": 3.601142320158735, "lng": 121.02539062500001, "bbox": [109.86328125000001, -9.102096738726443, 132.18750000000003, 16.13026201203477], "paramsConfig": {"visualizationType": "map", "caption": null, "limit": 500, "value": null, "category": null, "color": null, "size": null, "orderBy": null, "aggregateFunction": null, "chartType": null, "filters": [], "areaIntersection": null, "band": null, "layer": "a248d0e0-f325-43cb-8cbd-0e197b8cb971"}}, "template": false, "createdAt": "2018-05-04T14:58:36.180Z", "updatedAt": "2018-05-04T14:58:36.180Z"}}}, {"id": null, "type": "widget", "attributes": {"id": "93dc8e2d-97a9-4b6b-9f4f-81bd1a8f6a8a", "type": "widget", "attributes": {"name": "1J Widget Test", "dataset": "c36c3108-2581-4b68-852a-c929fc758001", "slug": "1J-Widget-Test", "userId": "5a5d2e3c007e6500010b9344", "description": "Landslide Potential / Raster / USER / From Dataset Detail Page", "application": ["prep"], "verified": false, "default": false, "protected": false, "defaultEditableWidget": false, "published": false, "freeze": false, "env": "production", "widgetConfig": {"paramsConfig": {"layer": "a248d0e0-f325-43cb-8cbd-0e197b8cb971", "band": null, "areaIntersection": null, "filters": [], "chartType": null, "aggregateFunction": null, "orderBy": null, "size": null, "color": null, "category": null, "value": null, "limit": 500, "caption": "Landslide Potential / Raster / USER / From Dataset Detail Page", "visualizationType": "map"}, "lng": -98.21, "lat": 40.65, "zoom": 3, "layer_id": "a248d0e0-f325-43cb-8cbd-0e197b8cb971", "type": "map"}, "template": false, "createdAt": "2018-05-04T15:13:11.523Z", "updatedAt": "2018-05-04T15:13:11.523Z"}}}, {"id": null, "type": "widget", "attributes": {"id": "9f368b21-d597-47e1-b27d-65e047f1fe85", "type": "widget", "attributes": {"name": "Landslide Potential - detail page test", "dataset": "c36c3108-2581-4b68-852a-c929fc758001", "slug": "Landslide-Potential-detail-page-test", "userId": "5a5d2e3c007e6500010b9344", "application": ["prep"], "verified": false, "default": false, "protected": false, "defaultEditableWidget": false, "published": false, "freeze": false, "env": "production", "widgetConfig": {"config": null, "paramsConfig": {"layer": "a248d0e0-f325-43cb-8cbd-0e197b8cb971", "band": null, "areaIntersection": null, "filters": [], "chartType": null, "aggregateFunction": null, "orderBy": null, "size": null, "color": null, "category": null, "value": null, "limit": 50, "visualizationType": "map"}, "basemapLayers": {"boundaries": false, "labels": null, "basemap": "dark"}, "lng": -98.21, "lat": 40.65, "zoom": 3, "layer_id": "a248d0e0-f325-43cb-8cbd-0e197b8cb971", "type": "map"}, "template": false, "createdAt": "2018-07-18T13:30:04.724Z", "updatedAt": "2018-07-18T13:30:04.724Z"}}}, {"id": null, "type": "widget", "attributes": {"id": "23d1fd5d-05fa-48d7-ae43-530fedc22f3a", "type": "widget", "attributes": {"name": "Turrialba, Costa Rica Landslide Potential", "dataset": "c36c3108-2581-4b68-852a-c929fc758001", "slug": "Turrialba-Costa-Rica-Landslide-Potential", "userId": "5b293bf7b8157b39ddeffee8", "description": "", "source": "", "authors": "", "application": ["prep"], "verified": false, "default": false, "protected": false, "defaultEditableWidget": false, "published": true, "freeze": false, "env": "production", "queryUrl": "", "widgetConfig": {"config": null, "paramsConfig": {"layer": "a248d0e0-f325-43cb-8cbd-0e197b8cb971", "band": null, "areaIntersection": null, "filters": [], "chartType": null, "aggregateFunction": null, "orderBy": null, "size": null, "color": null, "category": null, "value": null, "limit": 50, "visualizationType": "map"}, "basemapLayers": {"boundaries": true, "labels": "dark", "basemap": "light"}, "bbox": [-84.67437744140625, 8.86336203355168, -83.09783935546876, 10.622817137954696], "lng": -83.88610839843751, "lat": 9.744249366331491, "zoom": 9, "layer_id": "a248d0e0-f325-43cb-8cbd-0e197b8cb971", "type": "map"}, "template": false, "createdAt": "2018-10-09T17:35:10.218Z", "updatedAt": "2018-10-09T17:35:10.218Z"}}}, {"id": null, "type": "widget", "attributes": {"id": "cad647ce-8c71-4c41-9d60-9012332943c6", "type": "widget", "attributes": {"name": "Landslide Potential South Asia Map", "dataset": "c36c3108-2581-4b68-852a-c929fc758001", "slug": "Landslide-Potential-South-Asia-Map", "userId": "5bbf14185b59c076e58e1530", "application": ["prep"], "verified": false, "default": false, "protected": false, "defaultEditableWidget": false, "published": false, "freeze": false, "env": "production", "widgetConfig": {"config": null, "paramsConfig": {"layer": "a248d0e0-f325-43cb-8cbd-0e197b8cb971", "band": null, "areaIntersection": null, "filters": [], "chartType": null, "aggregateFunction": null, "orderBy": null, "size": null, "color": null, "category": null, "value": null, "limit": 50, "visualizationType": "map"}, "basemapLayers": {"boundaries": false, "labels": null, "basemap": "dark"}, "bbox": [52.259758114814765, -3.460789128569932, 104.46678936481476, 47.19568165770284], "lng": 78.36327373981477, "lat": 24.335080558187855, "zoom": 4, "layer_id": "a248d0e0-f325-43cb-8cbd-0e197b8cb971", "type": "map"}, "template": false, "createdAt": "2018-10-11T09:18:19.745Z", "updatedAt": "2018-10-11T09:18:19.746Z"}}}]}}