{"id": "e10f4382-c7c4-4205-a484-17b9d60a68f5", "type": "dataset", "attributes": {"name": "Test Data Rows", "slug": "Test-Data-Rows", "type": null, "subtitle": null, "application": ["gfw"], "dataPath": null, "attributesPath": null, "connectorType": "document", "provider": "json", "userId": "58750a56dfc643722bdd02ab", "connectorUrl": "https://gfw-files.s3.amazonaws.com/2018_update/results/test/test_rows.json", "tableName": "index_e10f4382c7c44205a48417b9d60a68f5_1556640913121", "status": "saved", "published": true, "overwrite": true, "verified": false, "blockchain": {}, "mainDateField": null, "env": "production", "geoInfo": false, "protected": false, "legend": {"date": [], "region": [], "country": [], "nested": ["year_data"]}, "clonedHost": {}, "errorMessage": "", "taskId": "/v1/doc-importer/task/e9a6a42f-3a13-4a1a-9871-dd855dd8cd9a", "updatedAt": "2019-04-30T16:15:28.073Z", "dataLastUpdated": null, "metadata": [], "widget": [], "layer": [], "vocabulary": [], "widgetRelevantProps": [], "layerRelevantProps": []}}