{"id": "e8b873a3-5665-4b46-ae7e-040c531a77d2", "type": "dataset", "attributes": {"name": "USA Conservation Easements", "slug": "USA-Conservation-Easements", "type": null, "subtitle": null, "application": ["gfw"], "dataPath": null, "attributesPath": null, "connectorType": "rest", "provider": "cartodb", "userId": "59db4eace9c1380001d6e4c3", "connectorUrl": "https://wri-01.carto.com/tables/usa_conservation_easements", "tableName": "usa_conservation_easements", "status": "saved", "published": true, "overwrite": false, "verified": false, "blockchain": {}, "mainDateField": null, "env": "production", "geoInfo": false, "protected": true, "legend": {"date": [], "region": [], "country": [], "nested": []}, "clonedHost": {}, "errorMessage": "", "taskId": null, "updatedAt": "2018-11-21T14:02:37.768Z", "dataLastUpdated": null, "widget": [], "widgetRelevantProps": [], "layerRelevantProps": [], "layer": [{"id": "e89c223d-ddd4-4ac4-83a1-cdb79ec04889", "type": "layer", "attributes": {"name": "USA conservation easements - 2014", "slug": "USA-Conservation-Easements", "dataset": "e8b873a3-5665-4b46-ae7e-040c531a77d2", "description": "Maps the boundaries of conservation easements on private lands and provides information on their status and management.", "application": ["gfw"], "iso": ["USA"], "provider": "cartodb", "userId": "59db4eace9c1380001d6e4c3", "default": false, "protected": true, "published": true, "env": "production", "layerConfig": {"body": {"layers": [{"options": {"cartocss_version": "2.3.0", "cartocss": "#usa_conservation_easements{ polygon-fill: #1a4075; polygon-opacity: 0.7; line-color: #1a4075; line-width: 0.1; line-opacity: 1; }", "sql": "SELECT cartodb_id, the_geom_webmercator, sitename as name, round(gis_acres::float) as gis_acres, round(rep_acres::float) as rep_acres, state, purpose, pubaccess, duration, dataagg, datapvdr, esmthldr, eholdtyp FROM usa_conservation_easements"}, "type": "cartodb"}], "minzoom": 2, "maxzoom": 19, "vectorLayers": [{"type": "fill", "source-layer": "layer0", "paint": {"fill-opacity": 0.7, "fill-color": "#1a4075"}}, {"type": "line", "source-layer": "layer0", "paint": {"line-opacity": 1, "line-color": "#1a4075", "line-width": 0.1}}]}, "account": "wri-01"}, "legendConfig": {"type": "basic", "items": [{"color": "#1a4075", "name": "Usa conservation easements"}]}, "interactionConfig": {}, "applicationConfig": {"default": true, "active": true, "global": false, "metadata": "usa_conservation_easements"}, "staticImageConfig": {}, "updatedAt": "2019-03-08T13:19:39.283Z"}}], "metadata": [{"id": "5b645547b6baae001154d1a6", "type": "metadata", "attributes": {"dataset": "e8b873a3-5665-4b46-ae7e-040c531a77d2", "application": "gfw", "resource": {"id": "e8b873a3-5665-4b46-ae7e-040c531a77d2", "type": "dataset"}, "language": "en", "info": {"name": "USA Conservation Easements", "color": "#A878F3", "description": "Maps the boundaries of conservation easements on private lands and provides information on their status and management.", "citation": ""}, "createdAt": "2018-08-03T13:14:47.115Z", "updatedAt": "2018-09-19T13:47:03.168Z", "status": "published"}}], "vocabulary": [{"id": "e8b873a3-5665-4b46-ae7e-040c531a77d2", "type": "vocabulary", "attributes": {"resource": {"id": "e8b873a3-5665-4b46-ae7e-040c531a77d2", "type": "dataset"}, "tags": ["landUse", "conservation"], "name": "categoryTab", "application": "gfw"}}]}}