{"id": "f3fc0f1e-aa26-49b6-8741-45df2eea9ac2", "type": "dataset", "attributes": {"name": "Brazil Land Cover", "slug": "Brazil-Land-Cover", "type": "raster", "subtitle": null, "application": ["gfw"], "dataPath": null, "attributesPath": null, "connectorType": "wms", "provider": "wms", "userId": "59db4eace9c1380001d6e4c3", "connectorUrl": "https://storage.googleapis.com/wri-public/mapbiomass/tiles/v4/{year}/{z}/{x}/{y}.png", "tableName": null, "status": "saved", "published": false, "overwrite": false, "verified": false, "blockchain": {}, "mainDateField": null, "env": "production", "geoInfo": false, "protected": true, "legend": {"date": [], "region": [], "country": [], "nested": []}, "clonedHost": {}, "errorMessage": null, "taskId": null, "updatedAt": "2019-06-20T15:12:04.531Z", "dataLastUpdated": null, "widget": [], "widgetRelevantProps": [], "layerRelevantProps": [], "layer": [{"id": "220080ec-1641-489c-96c4-4885ed618bf3", "type": "layer", "attributes": {"name": "Brazil land cover - 2000-2016", "slug": "Brazil-Land-Cover", "dataset": "f3fc0f1e-aa26-49b6-8741-45df2eea9ac2", "description": "This data set shows annual land use and land cover for Brazil from 2000 to 2016.", "application": ["gfw"], "iso": ["BRA"], "provider": "leaflet", "userId": "59db4eace9c1380001d6e4c3", "default": true, "protected": true, "published": true, "env": "production", "layerConfig": {"body": {"maxzoom": 13, "format": "image/png", "options": {"useCors": true}, "service": "leaflet", "type": "tileLayer", "url": "https://storage.googleapis.com/wri-public/mapbiomass/tiles/v4/{year}/{z}/{x}/{y}.png"}, "type": "tileLayer", "params_config": [{"key": "dataMaxZoom", "required": true, "default": 13}, {"key": "year", "required": true, "default": 2016, "max": 2016, "min": 2000}]}, "legendConfig": {"items": [{"name": "Forest formations", "color": "#006400"}, {"name": "Savannah formations", "color": "#8D9023"}, {"name": "Mangroves", "color": "#8AA81D"}, {"name": "Planted forest", "color": "#E8A3E5"}, {"name": "Non-forest wetlands", "color": "#2789D4"}, {"name": "Grassland", "color": "#CCDB98"}, {"name": "Other non-forest vegetation", "color": "#8AB84A"}, {"name": "Pasture", "color": "#FFB87E"}, {"name": "Agriculture", "color": "#D2A965"}, {"name": "Pasture or agriculture", "color": "#E8B071"}, {"name": "Beaches and dunes", "color": "#DD7E6B"}, {"name": "Urban infrastructure", "color": "#E9462B"}, {"name": "Non-vegetated areas", "color": "#F6F0EA"}, {"name": "Water bodies", "color": "#A3DCFE"}], "type": "basic"}, "interactionConfig": {}, "applicationConfig": {"default": true, "active": true, "global": false, "metadata": "bra_mapbiomas_2001_2016"}, "staticImageConfig": {}, "updatedAt": "2018-11-21T14:03:00.520Z"}}], "metadata": [{"id": "5b64554c6ec14b00117e29a3", "type": "metadata", "attributes": {"dataset": "f3fc0f1e-aa26-49b6-8741-45df2eea9ac2", "application": "gfw", "resource": {"id": "f3fc0f1e-aa26-49b6-8741-45df2eea9ac2", "type": "dataset"}, "language": "en", "info": {"name": "Brazil land cover", "color": "#a0c746", "description": "This data set shows annual land use and land cover for Brazil from 2000 to 2016.", "citation": "2000-2016, MapBiomas"}, "createdAt": "2018-08-03T13:14:52.783Z", "updatedAt": "2018-11-06T15:58:02.308Z", "status": "published"}}], "vocabulary": [{"id": "f3fc0f1e-aa26-49b6-8741-45df2eea9ac2", "type": "vocabulary", "attributes": {"resource": {"id": "f3fc0f1e-aa26-49b6-8741-45df2eea9ac2", "type": "dataset"}, "tags": ["landCover"], "name": "categoryTab", "application": "gfw"}}]}}