{"id": "f7b0b89e-3f44-49fb-b0f1-4037adc59650", "type": "dataset", "attributes": {"name": "PRODES Deforestation Vizz", "slug": "PRODES-Deforestation-Vizz", "type": null, "subtitle": null, "application": ["gfw-pro"], "dataPath": null, "attributesPath": null, "connectorType": "rest", "provider": "featureservice", "userId": "596cde70824315350dd0f116", "connectorUrl": "https://gis-gfw.wri.org/arcgis/rest/services/image_services/prodes/ImageServer?f=pjson", "tableName": "image_", "status": "saved", "published": true, "overwrite": false, "verified": false, "blockchain": {}, "mainDateField": null, "env": "production", "geoInfo": false, "protected": false, "legend": {"date": [], "region": [], "country": [], "nested": []}, "clonedHost": {}, "errorMessage": null, "taskId": null, "updatedAt": "2017-10-10T19:08:29.819Z", "dataLastUpdated": null, "metadata": [], "vocabulary": [], "widgetRelevantProps": [], "layerRelevantProps": [], "layer": [{"id": "221c7bd7-6b48-40e7-aa1c-6f5cfafd75bc", "type": "layer", "attributes": {"name": "PRODES Deforestation Vizz", "slug": "PRODES-Deforestation-Vizz", "dataset": "f7b0b89e-3f44-49fb-b0f1-4037adc59650", "description": "PRODES Deforestation Vizz", "application": ["gfw-pro", "gfw"], "iso": [], "provider": "featureservice", "userId": "596cde70824315350dd0f116", "default": true, "protected": false, "published": true, "env": "production", "layerConfig": {"body": {"metadata": "https://gis-gfw.wri.org/metadata/prodes", "pixelType": "U8", "url": "https://gis-gfw.wri.org/arcgis/rest/services/image_services/prodes/ImageServer", "useCors": true, "renderingRule": {"rasterFunctionArguments": {"Colormap": [[1, 255, 102, 153]], "Raster": {"rasterFunctionArguments": {"Colormap": [[1, 255, 102, 153]], "Raster": {"rasterFunctionArguments": {"OutputValues": [1], "InputRanges": [1, 15], "AllowUnmatched": false}, "rasterFunction": "Remap"}}, "rasterFunction": "Colormap"}}, "rasterFunction": "Colormap"}}, "type": "featureLayer"}, "legendConfig": {"type": "basic", "items": [{"name": "PRODES deforestation", "source": "(annual, 30m, Brazilian Amazon, INPE)", "color": "#F69"}]}, "interactionConfig": {}, "applicationConfig": {}, "staticImageConfig": {}, "updatedAt": "2018-08-02T15:41:23.271Z"}}]}}