{"id": "f8c77a33-d6ea-478b-9acd-2047b75b0cb8", "type": "dataset", "attributes": {"name": "RSPO oil palm concessions", "slug": "RSPO-consessions", "type": null, "subtitle": null, "application": ["gfw"], "dataPath": null, "attributesPath": null, "connectorType": "rest", "provider": "cartodb", "userId": "59db4eace9c1380001d6e4c3", "connectorUrl": "https://wri-01.carto.com/tables/gfw_rspo", "tableName": "gfw_rspo", "status": "saved", "published": true, "overwrite": false, "verified": false, "blockchain": {}, "mainDateField": null, "env": "production", "geoInfo": false, "protected": true, "legend": {"date": [], "region": [], "country": [], "nested": []}, "clonedHost": {}, "errorMessage": "", "taskId": null, "updatedAt": "2019-06-11T20:08:52.196Z", "dataLastUpdated": null, "widget": [], "widgetRelevantProps": [], "layerRelevantProps": [], "layer": [{"id": "444d9f80-fb4d-4d57-a3a7-6998ae56efbd", "type": "layer", "attributes": {"name": "RSPO oil palm concessions - 2017", "slug": "RSPO-oil-palm", "dataset": "f8c77a33-d6ea-478b-9acd-2047b75b0cb8", "description": "This data layer displays the concession boundaries of Roundtable on Sustainable Palm Oil (RSPO) member companies through December 2017, including both certified and non-certified concessions, as well as concessions where the certification status is unknown. The concession boundaries were provided to the RSPO by member companies.", "application": ["gfw"], "iso": [], "provider": "cartodb", "userId": "59db4eace9c1380001d6e4c3", "default": true, "protected": false, "published": true, "env": "production", "layerConfig": {"account": "wri-01", "body": {"layers": [{"options": {"cartocss": "#gfw_rspo[rspo_cert='True']{ polygon-fill: #ffa146; polygon-opacity: 0.7; line-color: #ffa146; line-width: 0.5; line-opacity: 1; } #gfw_rspo[rspo_cert='False']{ polygon-fill: #ff6361; polygon-opacity: 0.7; line-color:#ff6361 ; line-width: 0.5; line-opacity: 1; } #gfw_rspo[rspo_cert='Unknown']{ polygon-fill: #bc5090; polygon-opacity: 0.7; line-color: #bc5090; line-width: 0.5; line-opacity: 1; }", "cartocss_version": "2.3.0", "sql": "SELECT * FROM gfw_rspo"}, "type": "cartodb"}], "maxzoom": 19, "minzoom": 2, "vectorLayers": [{"filter": ["all", ["==", "rspo_cert", "True"]], "paint": {"fill-color": "#ffa146", "fill-opacity": 0.7}, "source-layer": "layer0", "type": "fill"}, {"filter": ["all", ["==", "rspo_cert", "True"]], "paint": {"line-color": "#ffa146", "line-opacity": 1, "line-width": 1}, "source-layer": "layer0", "type": "line"}, {"filter": ["all", ["==", "rspo_cert", "False"]], "paint": {"fill-color": "#ff6361", "fill-opacity": 0.7}, "source-layer": "layer0", "type": "fill"}, {"filter": ["all", ["==", "rspo_cert", "False"]], "paint": {"line-color": "#ff6361", "line-opacity": 1, "line-width": 1}, "source-layer": "layer0", "type": "line"}, {"filter": ["all", ["==", "rspo_cert", "Unknown"]], "paint": {"fill-color": "#bc5090", "fill-opacity": 0.7}, "source-layer": "layer0", "type": "fill"}, {"filter": ["all", ["==", "rspo_cert", "Unknown"]], "paint": {"line-color": "#bc5090", "line-opacity": 1, "line-width": 1}, "source-layer": "layer0", "type": "line"}]}, "params_config": [], "sql_config": []}, "legendConfig": {"items": [{"color": "#ffa146", "name": "Certified"}, {"color": "#ff6361", "name": "Uncertified"}, {"color": "#bc5090", "name": "Unknown"}], "type": "basic"}, "interactionConfig": {"type": "intersection", "output": [{"type": "string", "property": "Company", "format": null, "column": "company"}, {"type": "string", "property": "Group/Affiliation", "format": null, "column": "_group"}, {"type": "string", "property": "Plantation", "format": null, "column": "plantation"}, {"type": "string", "property": "Membership", "format": null, "column": "membership"}, {"type": "string", "property": "RSPO Certified", "format": null, "column": "rspo_cert"}, {"hidden": true, "type": "number", "property": "cartodb_id", "format": null, "column": "cartodb_id"}, {"hidden": true, "type": "json", "property": "the_geom", "format": "json", "column": "the_geom_webmercator"}]}, "applicationConfig": {"active": true, "analysisEndpoint": "use", "default": true, "global": true, "metadata": "rspo_oil_palm"}, "staticImageConfig": {}, "updatedAt": "2019-06-11T15:48:46.703Z"}}], "metadata": [{"id": "5bedd6f6a3ef810011f0b769", "type": "metadata", "attributes": {"dataset": "f8c77a33-d6ea-478b-9acd-2047b75b0cb8", "application": "gfw", "resource": {"id": "f8c77a33-d6ea-478b-9acd-2047b75b0cb8", "type": "dataset"}, "language": "en", "info": {"citation": "", "color": "#12724C", "description": "Displays boundaries of areas allocated by governments to companies for oil palm plantations.", "name": "RSPO oil palm concessions"}, "createdAt": "2018-11-15T20:28:38.406Z", "updatedAt": "2019-06-11T15:50:18.866Z", "status": "published"}}], "vocabulary": [{"id": "f8c77a33-d6ea-478b-9acd-2047b75b0cb8", "type": "vocabulary", "attributes": {"resource": {"id": "f8c77a33-d6ea-478b-9acd-2047b75b0cb8", "type": "dataset"}, "tags": ["landUse", "concessions"], "name": "categoryTab", "application": "gfw"}}]}}