{"id": "fdc8dc1b-2728-4a79-b23f-b09485052b8d", "type": "dataset", "attributes": {"name": "Dynamic Boundaries (GADM36)", "slug": "Dynamic-Boundaries-GADM36", "type": null, "subtitle": null, "application": ["gfw"], "dataPath": null, "attributesPath": null, "connectorType": "rest", "provider": "cartodb", "userId": "59db4eace9c1380001d6e4c3", "connectorUrl": "https://wri-01.carto.com/tables/gadm36_political_boundaries", "tableName": "gadm36_political_boundaries", "status": "saved", "published": true, "overwrite": false, "verified": false, "blockchain": {}, "mainDateField": null, "env": "production", "geoInfo": false, "protected": true, "legend": {"date": [], "region": [], "country": [], "nested": []}, "clonedHost": {}, "errorMessage": "", "taskId": null, "updatedAt": "2018-11-21T14:04:24.458Z", "dataLastUpdated": null, "widget": [], "vocabulary": [], "widgetRelevantProps": [], "layerRelevantProps": [], "layer": [{"id": "c5d1e010-383a-4713-9aaa-44f728c0571c", "type": "layer", "attributes": {"name": "Political boundaries", "slug": "Dynamic-Political-Boundaries-GADM36", "dataset": "fdc8dc1b-2728-4a79-b23f-b09485052b8d", "description": "Dynamically breaks down admin polygons depending of shape size and zoom level. TEST.", "application": ["gfw"], "iso": [], "provider": "cartodb", "userId": "59db4eace9c1380001d6e4c3", "default": false, "protected": true, "published": true, "env": "production", "layerConfig": {"account": "wri-01", "body": {"format": "mvt", "layers": [{"options": {"cartocss": "#all [level = 0]{ line-color: #7f7f7f; line-width: 0.7; line-opacity: 1; } #huge [level = 0][zoom < 4][size = 'huge']{ line-color: #7f7f7f; line-width: 0.7; line-opacity: 1; polygon-fill: #FFFFFF; polygon-opacity: 0.0; } #v-big [level = 0][zoom < 5][size = 'very big']{ line-color: #7f7f7f; line-width: 0.7; line-opacity: 1; polygon-fill: #FFFFFF; polygon-opacity: 0.0; } #big [level = 0][zoom < 6][size = 'big']{ line-color: #7f7f7f; line-width: 0.7; line-opacity: 1; polygon-fill: #FFFFFF; polygon-opacity: 0.0; } #med [level = 0][zoom < 7][size = 'medium']{ line-color: #7f7f7f; line-width: 0.7; line-opacity: 1; polygon-fill: #FFFFFF; polygon-opacity: 0.0; } #small [level = 0][zoom < 8][size = 'small']{ line-color: #7f7f7f; line-width: 0.7; line-opacity: 1; polygon-fill: #FFFFFF; polygon-opacity: 0.0; } #v-small [level = 0][zoom < 9][size = 'very small']{ line-color: #7f7f7f; line-width: 0.7; line-opacity: 1; polygon-fill: #FFFFFF; polygon-opacity: 0.0; } #huge [level = 1][zoom > 3][zoom < 6][size = 'huge']{ line-color: #8b8b8b; line-width: 0.3; line-opacity: 1; polygon-fill: #FFFFFF; polygon-opacity: 0.0; } #v-big [level = 1][zoom > 4][zoom < 7][size = 'very big']{ line-color: #8b8b8b; line-width: 0.3; line-opacity: 1; polygon-fill: #FFFFFF; polygon-opacity: 0.0; } #big [level = 1][zoom > 5][zoom < 8][size = 'big']{ line-color: #8b8b8b; line-width: 0.3; line-opacity: 1; polygon-fill: #FFFFFF; polygon-opacity: 0.0; } #med [level = 1][zoom > 6][zoom < 9][size = 'medium']{ line-color: #8b8b8b; line-width: 0.3; line-opacity: 1; polygon-fill: #FFFFFF; polygon-opacity: 0.0; } #small [level = 1][zoom > 7][zoom < 9][size = 'small']{ line-color: #8b8b8b; line-width: 0.3; line-opacity: 1; polygon-fill: #FFFFFF; polygon-opacity: 0.0; } #v-small [level = 1][zoom > 8][zoom < 10][size = 'very small']{ line-color: #8b8b8b; line-width: 0.3; line-opacity: 1; polygon-fill: #FFFFFF; polygon-opacity: 0.0; } #huge [level = 2][zoom > 5][size = 'huge']{ line-color: #444444; line-width: 0.5; line-dasharray: 1,2; line-opacity: 1; polygon-fill: #FFFFFF; polygon-opacity: 0.0; } #v-big [level = 2][zoom > 6][size = 'very big']{ line-color: #444444; line-width: 0.5; line-dasharray: 1,2; line-opacity: 1; polygon-fill: #FFFFFF; polygon-opacity: 0.0; } #big [level = 2][zoom > 7][size = 'big']{ line-color: #444444; line-width: 0.5; line-dasharray: 1,2; line-opacity: 1; polygon-fill: #FFFFFF; polygon-opacity: 0.0; } #med [level = 2][zoom > 8][size = 'medium']{ line-color: #444444; line-width: 0.5; line-dasharray: 1,2; line-opacity: 1; polygon-fill: #FFFFFF; polygon-opacity: 0.0; } #small [level = 2][zoom > 8][size = 'small']{ line-color: #444444; line-width: 0.5; line-dasharray: 1,2; line-opacity: 1; polygon-fill: #FFFFFF; polygon-opacity: 0.0; } #v-small [level = 2][zoom > 9][size = 'very small']{ line-color: #444444; line-width: 0.5; line-dasharray: 1,2; line-opacity: 1; polygon-fill: #FFFFFF; polygon-opacity: 0.0; }", "cartocss_version": "2.3.0", "sql": "SELECT cartodb_id, the_geom_webmercator, name_0, name_1, name_2, area, size, level, gid_0, gid_1, gid_2 FROM gadm36_political_boundaries"}, "type": "cartodb"}], "vectorLayers": [{"filter": ["==", "level", 0], "maxzoom": 3, "paint": {"fill-color": "transparent"}, "source-layer": "layer0", "type": "fill"}, {"filter": ["all", ["==", "size", "huge"], ["==", "level", 0]], "maxzoom": 3, "paint": {"fill-color": "transparent"}, "source-layer": "layer0", "type": "fill"}, {"filter": ["all", ["==", "size", "very big"], ["==", "level", 0]], "maxzoom": 4, "paint": {"fill-color": "transparent"}, "source-layer": "layer0", "type": "fill"}, {"filter": ["all", ["==", "size", "big"], ["==", "level", 0]], "maxzoom": 5, "paint": {"fill-color": "transparent"}, "source-layer": "layer0", "type": "fill"}, {"filter": ["all", ["==", "size", "medium"], ["==", "level", 0]], "maxzoom": 6, "paint": {"fill-color": "transparent"}, "source-layer": "layer0", "type": "fill"}, {"filter": ["all", ["==", "size", "small"], ["==", "level", 0]], "maxzoom": 7, "paint": {"fill-color": "transparent"}, "source-layer": "layer0", "type": "fill"}, {"filter": ["all", ["==", "size", "very small"], ["==", "level", 0]], "maxzoom": 8, "paint": {"fill-color": "transparent"}, "source-layer": "layer0", "type": "fill"}, {"filter": ["all", ["==", "size", "huge"], ["==", "level", 1]], "maxzoom": 5, "minzoom": 3, "paint": {"fill-color": "transparent"}, "source-layer": "layer0", "type": "fill"}, {"filter": ["all", ["==", "size", "very big"], ["==", "level", 1]], "maxzoom": 6, "minzoom": 4, "paint": {"fill-color": "transparent"}, "source-layer": "layer0", "type": "fill"}, {"filter": ["all", ["==", "size", "big"], ["==", "level", 1]], "maxzoom": 7, "minzoom": 5, "paint": {"fill-color": "transparent"}, "source-layer": "layer0", "type": "fill"}, {"filter": ["all", ["==", "size", "medium"], ["==", "level", 1]], "maxzoom": 8, "minzoom": 6, "paint": {"fill-color": "transparent"}, "source-layer": "layer0", "type": "fill"}, {"filter": ["all", ["==", "size", "small"], ["==", "level", 1]], "maxzoom": 8, "minzoom": 7, "paint": {"fill-color": "transparent"}, "source-layer": "layer0", "type": "fill"}, {"filter": ["all", ["==", "size", "very small"], ["==", "level", 1]], "maxzoom": 9, "minzoom": 8, "paint": {"fill-color": "transparent"}, "source-layer": "layer0", "type": "fill"}, {"filter": ["all", ["==", "size", "huge"], ["==", "level", 2]], "minzoom": 5, "paint": {"fill-color": "transparent"}, "source-layer": "layer0", "type": "fill"}, {"filter": ["all", ["==", "size", "very big"], ["==", "level", 2]], "minzoom": 6, "paint": {"fill-color": "transparent"}, "source-layer": "layer0", "type": "fill"}, {"filter": ["all", ["==", "size", "big"], ["==", "level", 2]], "minzoom": 7, "paint": {"fill-color": "transparent"}, "source-layer": "layer0", "type": "fill"}, {"filter": ["all", ["==", "size", "medium"], ["==", "level", 2]], "minzoom": 8, "paint": {"fill-color": "transparent"}, "source-layer": "layer0", "type": "fill"}, {"filter": ["all", ["==", "size", "small"], ["==", "level", 2]], "minzoom": 8, "paint": {"fill-color": "transparent"}, "source-layer": "layer0", "type": "fill"}, {"filter": ["all", ["==", "size", "very small"], ["==", "level", 2]], "minzoom": 9, "paint": {"fill-color": "transparent"}, "source-layer": "layer0", "type": "fill"}, {"filter": ["==", "level", 0], "maxzoom": 4, "paint": {"line-color": "#7f7f7f", "line-width": 0.7}, "source-layer": "layer0", "type": "line"}, {"filter": ["all", ["==", "size", "huge"], ["==", "level", 0]], "maxzoom": 3, "paint": {"line-color": "#7f7f7f", "line-width": 0.7}, "source-layer": "layer0", "type": "line"}, {"filter": ["all", ["==", "size", "very big"], ["==", "level", 0]], "maxzoom": 4, "paint": {"line-color": "#7f7f7f", "line-width": 0.7}, "source-layer": "layer0", "type": "line"}, {"filter": ["all", ["==", "size", "big"], ["==", "level", 0]], "maxzoom": 5, "paint": {"line-color": "#7f7f7f", "line-width": 0.7}, "source-layer": "layer0", "type": "line"}, {"filter": ["all", ["==", "size", "medium"], ["==", "level", 0]], "maxzoom": 6, "paint": {"line-color": "#7f7f7f", "line-width": 0.7}, "source-layer": "layer0", "type": "line"}, {"filter": ["all", ["==", "size", "small"], ["==", "level", 0]], "maxzoom": 7, "paint": {"line-color": "#7f7f7f", "line-width": 0.7}, "source-layer": "layer0", "type": "line"}, {"filter": ["all", ["==", "size", "very small"], ["==", "level", 0]], "maxzoom": 8, "paint": {"line-color": "#7f7f7f", "line-width": 0.7}, "source-layer": "layer0", "type": "line"}, {"filter": ["all", ["==", "size", "huge"], ["==", "level", 1]], "maxzoom": 5, "minzoom": 3, "paint": {"line-color": "#8b8b8b", "line-width": 0.3}, "source-layer": "layer0", "type": "line"}, {"filter": ["all", ["==", "size", "very big"], ["==", "level", 1]], "maxzoom": 6, "minzoom": 4, "paint": {"line-color": "#8b8b8b", "line-width": 0.3}, "source-layer": "layer0", "type": "line"}, {"filter": ["all", ["==", "size", "big"], ["==", "level", 1]], "maxzoom": 7, "minzoom": 5, "paint": {"line-color": "#8b8b8b", "line-width": 0.3}, "source-layer": "layer0", "type": "line"}, {"filter": ["all", ["==", "size", "medium"], ["==", "level", 1]], "maxzoom": 8, "minzoom": 6, "paint": {"line-color": "#8b8b8b", "line-width": 0.3}, "source-layer": "layer0", "type": "line"}, {"filter": ["all", ["==", "size", "small"], ["==", "level", 1]], "maxzoom": 8, "minzoom": 7, "paint": {"line-color": "#8b8b8b", "line-width": 0.3}, "source-layer": "layer0", "type": "line"}, {"filter": ["all", ["==", "size", "very small"], ["==", "level", 1]], "maxzoom": 9, "minzoom": 8, "paint": {"line-color": "#8b8b8b", "line-width": 0.3}, "source-layer": "layer0", "type": "line"}, {"filter": ["all", ["==", "size", "huge"], ["==", "level", 2]], "minzoom": 5, "paint": {"line-color": "#444444", "line-dasharray": [2, 4], "line-width": 0.5}, "source-layer": "layer0", "type": "line"}, {"filter": ["all", ["==", "size", "very big"], ["==", "level", 2]], "minzoom": 6, "paint": {"line-color": "#444444", "line-dasharray": [2, 4], "line-width": 0.5}, "source-layer": "layer0", "type": "line"}, {"filter": ["all", ["==", "size", "big"], ["==", "level", 2]], "minzoom": 7, "paint": {"line-color": "#444444", "line-dasharray": [2, 4], "line-width": 0.5}, "source-layer": "layer0", "type": "line"}, {"filter": ["all", ["==", "size", "medium"], ["==", "level", 2]], "minzoom": 8, "paint": {"line-color": "#444444", "line-dasharray": [2, 4], "line-width": 0.5}, "source-layer": "layer0", "type": "line"}, {"filter": ["all", ["==", "size", "small"], ["==", "level", 2]], "minzoom": 8, "paint": {"line-color": "#444444", "line-dasharray": [2, 4], "line-width": 0.5}, "source-layer": "layer0", "type": "line"}, {"filter": ["all", ["==", "size", "very small"], ["==", "level", 2]], "minzoom": 9, "paint": {"line-color": "#444444", "line-dasharray": [2, 4], "line-width": 0.5}, "source-layer": "layer0", "type": "line"}], "maxzoom": 19, "minzoom": 2}}, "legendConfig": {"type": "basic", "items": [{"color": "#081B47", "name": "Admin 0"}, {"color": "#0F3B82", "name": "Admin 1"}, {"color": "#2167AB", "name": "Admin 2"}]}, "interactionConfig": {"output": [{"column": "gid_0", "format": null, "property": "ISO", "type": "string"}, {"column": "gid_1", "format": null, "property": "admin1", "type": "string"}, {"column": "gid_2", "format": null, "property": "admin2", "type": "string"}, {"column": "name_0", "format": null, "property": "Country", "type": "string"}, {"column": "name_1", "format": null, "property": "Region", "type": "string"}, {"column": "name_2", "format": null, "property": "Sub Region", "type": "string"}, {"column": "level", "format": null, "property": "Admin Level", "type": "number"}, {"column": "area", "format": "0a", "property": "Area", "suffix": "ha", "type": "number"}, {"column": "cartodb_id", "format": null, "hidden": true, "property": "cartodb_id", "type": "number"}, {"column": "the_geom_webmercator", "format": "json", "hidden": true, "property": "the_geom", "type": "json"}], "type": "intersection"}, "applicationConfig": {"analysisEndpoint": "admin"}, "staticImageConfig": {}, "updatedAt": "2019-03-08T13:37:38.660Z"}}, {"id": "6f6798e6-39ec-4163-979e-182a74ca65ee", "type": "layer", "attributes": {"name": "Disputed Political Boundaries", "slug": "Disputed-Political-Boundaries", "dataset": "fdc8dc1b-2728-4a79-b23f-b09485052b8d", "description": "Displays sensitive and disputed political boundaries as dashed lines.", "application": ["gfw"], "iso": [], "provider": "cartodb", "userId": "59db4eace9c1380001d6e4c3", "default": false, "protected": true, "published": true, "env": "production", "layerConfig": {"account": "wri-01", "body": {"format": "mvt", "layers": [{"options": {"cartocss": "#layer [zoom < 4]{ polygon-opacity: 0.0; line-color: #914848; line-width: 0.25; line-opacity: 0.2; line-dasharray: 10, 4; polygon-fill: #FFFFFF; } #layer [zoom > 3] [zoom < 5]{ polygon-opacity: 0.0; line-color: #914848; line-width: 0.5; line-opacity: 0.4; line-dasharray: 10, 4; polygon-fill: #FFFFFF; } #layer [zoom > 4]{ polygon-opacity: 0.0; line-color: #914848; line-width: 1; line-opacity: 0.75; line-dasharray: 10, 4; polygon-fill: #FFFFFF; }", "cartocss_version": "2.3.0", "sql": "SELECT cartodb_id, the_geom_webmercator, gid_0, name_0, name, note FROM disputed_boundaries_2018 WHERE gid_0 in ('PAK', 'IND', 'CHN') AND name in ('Indian claim', 'Pakistani claim', 'Chinese claim')"}, "type": "cartodb"}], "maxzoom": 19, "minzoom": 2, "vectorLayers": [{"maxzoom": 3, "paint": {"line-color": "#914848", "line-dasharray": [10, 4], "line-opacity": 0.2, "line-width": 0.25}, "source-layer": "layer0", "type": "line"}, {"maxzoom": 5, "minzoom": 3, "paint": {"line-color": "#914848", "line-dasharray": [10, 4], "line-opacity": 0.4, "line-width": 0.5}, "source-layer": "layer0", "type": "line"}, {"minzoom": 5, "paint": {"line-color": "#914848", "line-dasharray": [10, 4], "line-opacity": 0.75, "line-width": 1}, "source-layer": "layer0", "type": "line"}]}}, "legendConfig": {}, "interactionConfig": {}, "applicationConfig": {"analysisEndpoint": "admin"}, "staticImageConfig": {}, "updatedAt": "2019-03-08T13:42:20.024Z"}}], "metadata": [{"id": "5b7a81b78bb51a001169601e", "type": "metadata", "attributes": {"dataset": "fdc8dc1b-2728-4a79-b23f-b09485052b8d", "application": "gfw", "resource": {"id": "fdc8dc1b-2728-4a79-b23f-b09485052b8d", "type": "dataset"}, "language": "en", "info": {"color": "#081B47", "isBoundary": true, "name": "Political boundaries"}, "createdAt": "2018-08-20T08:54:15.771Z", "updatedAt": "2018-11-06T15:58:06.736Z", "status": "published"}}]}}